#TRO-Keyword;ID(long);Code;ModelCode;OriginCode;DestinationCode;AvailableDateOrigin;DesignatedPathCode;DueDateDestinaton;
#TRONXT-Keyword;TransportObjectCode;NextDispatchSiteCode;NextDispatchSiteArrivalDate;
#TROPTH-Keyword;TransportObjectCode;OptionIndex;PathCode;
TRO;1;veh0000000000001;Standard;GER01PLANT;FRA01DEAL;02/06/2025-00:00:00;GER01PLANT->FRA01DEAL-403;12/06/2025-00:00:00;
TRONXT;veh0000000000001;GER01PLANT;02/06/2025-00:00:00;
TROPTH;veh0000000000001;1;GER01PLANT->FRA01DEAL-464;
TRO;2;veh0000000000002;Standard;GER01PLANT;FRA01DEAL;02/06/2025-00:00:00;GER01PLANT->FRA01DEAL-403;13/06/2025-00:00:00;
TRONXT;veh0000000000002;GER01PLANT;02/06/2025-00:00:00;
TROPTH;veh0000000000002;1;GER01PLANT->FRA01DEAL-464;
TRO;3;veh0000000000003;Standard;GER01PLANT;FRA01DEAL;02/06/2025-00:00:00;GER01PLANT->FRA01DEAL-403;10/06/2025-00:00:00;
TRONXT;veh0000000000003;GER01PLANT;02/06/2025-00:00:00;
TROPTH;veh0000000000003;1;GER01PLANT->FRA01DEAL-464;
TRO;4;veh0000000000004;Standard;GER01PLANT;FRA01DEAL;02/06/2025-00:00:00;GER01PLANT->FRA01DEAL-403;08/06/2025-00:00:00;
TRONXT;veh0000000000004;GER01PLANT;02/06/2025-00:00:00;
TROPTH;veh0000000000004;1;GER01PLANT->FRA01DEAL-464;
TRO;5;veh0000000000005;Standard;GER01PLANT;FRA01DEAL;02/06/2025-00:00:00;GER01PLANT->FRA01DEAL-403;14/06/2025-00:00:00;
TRONXT;veh0000000000005;GER01PLANT;02/06/2025-00:00:00;
TROPTH;veh0000000000005;1;GER01PLANT->FRA01DEAL-464;
TRO;6;veh0000000000006;Standard;GER01PLANT;FRA01DEAL;02/06/2025-00:00:00;GER01PLANT->FRA01DEAL-403;08/06/2025-00:00:00;
TRONXT;veh0000000000006;GER01PLANT;02/06/2025-00:00:00;
TROPTH;veh0000000000006;1;GER01PLANT->FRA01DEAL-464;
TRO;7;veh0000000000007;Standard;GER01PLANT;FRA01DEAL;02/06/2025-00:00:00;GER01PLANT->FRA01DEAL-403;14/06/2025-00:00:00;
TRONXT;veh0000000000007;GER01PLANT;02/06/2025-00:00:00;
TROPTH;veh0000000000007;1;GER01PLANT->FRA01DEAL-464;
TRO;8;veh0000000000008;Standard;GER01PLANT;FRA01DEAL;02/06/2025-00:00:00;GER01PLANT->FRA01DEAL-403;09/06/2025-00:00:00;
TRONXT;veh0000000000008;GER01PLANT;02/06/2025-00:00:00;
TROPTH;veh0000000000008;1;GER01PLANT->FRA01DEAL-464;
TRO;9;veh0000000000009;Standard;GER01PLANT;FRA01DEAL;02/06/2025-00:00:00;GER01PLANT->FRA01DEAL-403;12/06/2025-00:00:00;
TRONXT;veh0000000000009;GER01PLANT;02/06/2025-00:00:00;
TROPTH;veh0000000000009;1;GER01PLANT->FRA01DEAL-464;
TRO;10;veh0000000000010;Standard;GER01PLANT;FRA01DEAL;02/06/2025-00:00:00;GER01PLANT->FRA01DEAL-403;08/06/2025-00:00:00;
TRONXT;veh0000000000010;GER01PLANT;02/06/2025-00:00:00;
TROPTH;veh0000000000010;1;GER01PLANT->FRA01DEAL-464;
TRO;11;veh0000000000011;Standard;GER01PLANT;FRA01DEAL;03/06/2025-00:00:00;GER01PLANT->FRA01DEAL-403;12/06/2025-00:00:00;
TRONXT;veh0000000000011;GER01PLANT;03/06/2025-00:00:00;
TROPTH;veh0000000000011;1;GER01PLANT->FRA01DEAL-464;
TRO;12;veh0000000000012;Standard;GER01PLANT;FRA01DEAL;03/06/2025-00:00:00;GER01PLANT->FRA01DEAL-403;15/06/2025-00:00:00;
TRONXT;veh0000000000012;GER01PLANT;03/06/2025-00:00:00;
TROPTH;veh0000000000012;1;GER01PLANT->FRA01DEAL-464;
TRO;13;veh0000000000013;Standard;GER01PLANT;FRA01DEAL;03/06/2025-00:00:00;GER01PLANT->FRA01DEAL-403;09/06/2025-00:00:00;
TRONXT;veh0000000000013;GER01PLANT;03/06/2025-00:00:00;
TROPTH;veh0000000000013;1;GER01PLANT->FRA01DEAL-464;
TRO;14;veh0000000000014;Standard;GER01PLANT;FRA01DEAL;03/06/2025-00:00:00;GER01PLANT->FRA01DEAL-403;08/06/2025-00:00:00;
TRONXT;veh0000000000014;GER01PLANT;03/06/2025-00:00:00;
TROPTH;veh0000000000014;1;GER01PLANT->FRA01DEAL-464;
TRO;15;veh0000000000015;Standard;GER01PLANT;FRA01DEAL;03/06/2025-00:00:00;GER01PLANT->FRA01DEAL-403;15/06/2025-00:00:00;
TRONXT;veh0000000000015;GER01PLANT;03/06/2025-00:00:00;
TROPTH;veh0000000000015;1;GER01PLANT->FRA01DEAL-464;
TRO;16;veh0000000000016;Standard;GER01PLANT;FRA01DEAL;03/06/2025-00:00:00;GER01PLANT->FRA01DEAL-403;12/06/2025-00:00:00;
TRONXT;veh0000000000016;GER01PLANT;03/06/2025-00:00:00;
TROPTH;veh0000000000016;1;GER01PLANT->FRA01DEAL-464;
TRO;17;veh0000000000017;Standard;GER01PLANT;FRA01DEAL;03/06/2025-00:00:00;GER01PLANT->FRA01DEAL-403;11/06/2025-00:00:00;
TRONXT;veh0000000000017;GER01PLANT;03/06/2025-00:00:00;
TROPTH;veh0000000000017;1;GER01PLANT->FRA01DEAL-464;
TRO;18;veh0000000000018;Standard;GER01PLANT;FRA01DEAL;03/06/2025-00:00:00;GER01PLANT->FRA01DEAL-403;13/06/2025-00:00:00;
TRONXT;veh0000000000018;GER01PLANT;03/06/2025-00:00:00;
TROPTH;veh0000000000018;1;GER01PLANT->FRA01DEAL-464;
TRO;19;veh0000000000019;Standard;GER01PLANT;FRA01DEAL;03/06/2025-00:00:00;GER01PLANT->FRA01DEAL-403;12/06/2025-00:00:00;
TRONXT;veh0000000000019;GER01PLANT;03/06/2025-00:00:00;
TROPTH;veh0000000000019;1;GER01PLANT->FRA01DEAL-464;
TRO;20;veh0000000000020;Standard;GER01PLANT;FRA01DEAL;03/06/2025-00:00:00;GER01PLANT->FRA01DEAL-403;09/06/2025-00:00:00;
TRONXT;veh0000000000020;GER01PLANT;03/06/2025-00:00:00;
TROPTH;veh0000000000020;1;GER01PLANT->FRA01DEAL-464;
TRO;21;veh0000000000021;Standard;GER01PLANT;FRA01DEAL;04/06/2025-00:00:00;GER01PLANT->FRA01DEAL-403;12/06/2025-00:00:00;
TRONXT;veh0000000000021;GER01PLANT;04/06/2025-00:00:00;
TROPTH;veh0000000000021;1;GER01PLANT->FRA01DEAL-464;
TRO;22;veh0000000000022;Standard;GER01PLANT;FRA01DEAL;04/06/2025-00:00:00;GER01PLANT->FRA01DEAL-403;08/06/2025-00:00:00;
TRONXT;veh0000000000022;GER01PLANT;04/06/2025-00:00:00;
TROPTH;veh0000000000022;1;GER01PLANT->FRA01DEAL-464;
TRO;23;veh0000000000023;Standard;GER01PLANT;FRA01DEAL;04/06/2025-00:00:00;GER01PLANT->FRA01DEAL-403;10/06/2025-00:00:00;
TRONXT;veh0000000000023;GER01PLANT;04/06/2025-00:00:00;
TROPTH;veh0000000000023;1;GER01PLANT->FRA01DEAL-464;
TRO;24;veh0000000000024;Standard;GER01PLANT;FRA01DEAL;04/06/2025-00:00:00;GER01PLANT->FRA01DEAL-403;13/06/2025-00:00:00;
TRONXT;veh0000000000024;GER01PLANT;04/06/2025-00:00:00;
TROPTH;veh0000000000024;1;GER01PLANT->FRA01DEAL-464;
TRO;25;veh0000000000025;Standard;GER01PLANT;FRA01DEAL;04/06/2025-00:00:00;GER01PLANT->FRA01DEAL-403;16/06/2025-00:00:00;
TRONXT;veh0000000000025;GER01PLANT;04/06/2025-00:00:00;
TROPTH;veh0000000000025;1;GER01PLANT->FRA01DEAL-464;
TRO;26;veh0000000000026;Standard;GER01PLANT;FRA01DEAL;04/06/2025-00:00:00;GER01PLANT->FRA01DEAL-403;09/06/2025-00:00:00;
TRONXT;veh0000000000026;GER01PLANT;04/06/2025-00:00:00;
TROPTH;veh0000000000026;1;GER01PLANT->FRA01DEAL-464;
TRO;27;veh0000000000027;Standard;GER01PLANT;FRA01DEAL;04/06/2025-00:00:00;GER01PLANT->FRA01DEAL-403;14/06/2025-00:00:00;
TRONXT;veh0000000000027;GER01PLANT;04/06/2025-00:00:00;
TROPTH;veh0000000000027;1;GER01PLANT->FRA01DEAL-464;
TRO;28;veh0000000000028;Standard;GER01PLANT;FRA01DEAL;04/06/2025-00:00:00;GER01PLANT->FRA01DEAL-403;15/06/2025-00:00:00;
TRONXT;veh0000000000028;GER01PLANT;04/06/2025-00:00:00;
TROPTH;veh0000000000028;1;GER01PLANT->FRA01DEAL-464;
TRO;29;veh0000000000029;Standard;GER01PLANT;FRA01DEAL;04/06/2025-00:00:00;GER01PLANT->FRA01DEAL-403;08/06/2025-00:00:00;
TRONXT;veh0000000000029;GER01PLANT;04/06/2025-00:00:00;
TROPTH;veh0000000000029;1;GER01PLANT->FRA01DEAL-464;
TRO;30;veh0000000000030;Standard;GER01PLANT;FRA01DEAL;04/06/2025-00:00:00;GER01PLANT->FRA01DEAL-403;16/06/2025-00:00:00;
TRONXT;veh0000000000030;GER01PLANT;04/06/2025-00:00:00;
TROPTH;veh0000000000030;1;GER01PLANT->FRA01DEAL-464;
TRO;31;veh0000000000031;Standard;GER01PLANT;FRA01DEAL;05/06/2025-00:00:00;GER01PLANT->FRA01DEAL-403;11/06/2025-00:00:00;
TRONXT;veh0000000000031;GER01PLANT;05/06/2025-00:00:00;
TROPTH;veh0000000000031;1;GER01PLANT->FRA01DEAL-464;
TRO;32;veh0000000000032;Standard;GER01PLANT;FRA01DEAL;05/06/2025-00:00:00;GER01PLANT->FRA01DEAL-403;11/06/2025-00:00:00;
TRONXT;veh0000000000032;GER01PLANT;05/06/2025-00:00:00;
TROPTH;veh0000000000032;1;GER01PLANT->FRA01DEAL-464;
TRO;33;veh0000000000033;Standard;GER01PLANT;FRA01DEAL;05/06/2025-00:00:00;GER01PLANT->FRA01DEAL-403;14/06/2025-00:00:00;
TRONXT;veh0000000000033;GER01PLANT;05/06/2025-00:00:00;
TROPTH;veh0000000000033;1;GER01PLANT->FRA01DEAL-464;
TRO;34;veh0000000000034;Standard;GER01PLANT;FRA01DEAL;05/06/2025-00:00:00;GER01PLANT->FRA01DEAL-403;11/06/2025-00:00:00;
TRONXT;veh0000000000034;GER01PLANT;05/06/2025-00:00:00;
TROPTH;veh0000000000034;1;GER01PLANT->FRA01DEAL-464;
TRO;35;veh0000000000035;Standard;GER01PLANT;FRA01DEAL;05/06/2025-00:00:00;GER01PLANT->FRA01DEAL-403;14/06/2025-00:00:00;
TRONXT;veh0000000000035;GER01PLANT;05/06/2025-00:00:00;
TROPTH;veh0000000000035;1;GER01PLANT->FRA01DEAL-464;
TRO;36;veh0000000000036;Standard;GER01PLANT;FRA01DEAL;05/06/2025-00:00:00;GER01PLANT->FRA01DEAL-403;11/06/2025-00:00:00;
TRONXT;veh0000000000036;GER01PLANT;05/06/2025-00:00:00;
TROPTH;veh0000000000036;1;GER01PLANT->FRA01DEAL-464;
TRO;37;veh0000000000037;Standard;GER01PLANT;FRA01DEAL;05/06/2025-00:00:00;GER01PLANT->FRA01DEAL-403;15/06/2025-00:00:00;
TRONXT;veh0000000000037;GER01PLANT;05/06/2025-00:00:00;
TROPTH;veh0000000000037;1;GER01PLANT->FRA01DEAL-464;
TRO;38;veh0000000000038;Standard;GER01PLANT;FRA01DEAL;05/06/2025-00:00:00;GER01PLANT->FRA01DEAL-403;11/06/2025-00:00:00;
TRONXT;veh0000000000038;GER01PLANT;05/06/2025-00:00:00;
TROPTH;veh0000000000038;1;GER01PLANT->FRA01DEAL-464;
TRO;39;veh0000000000039;Standard;GER01PLANT;FRA01DEAL;05/06/2025-00:00:00;GER01PLANT->FRA01DEAL-403;13/06/2025-00:00:00;
TRONXT;veh0000000000039;GER01PLANT;05/06/2025-00:00:00;
TROPTH;veh0000000000039;1;GER01PLANT->FRA01DEAL-464;
TRO;40;veh0000000000040;Standard;GER01PLANT;FRA01DEAL;05/06/2025-00:00:00;GER01PLANT->FRA01DEAL-403;15/06/2025-00:00:00;
TRONXT;veh0000000000040;GER01PLANT;05/06/2025-00:00:00;
TROPTH;veh0000000000040;1;GER01PLANT->FRA01DEAL-464;
TRO;41;veh0000000000041;Standard;GER01PLANT;FRA01DEAL;06/06/2025-00:00:00;GER01PLANT->FRA01DEAL-403;12/06/2025-00:00:00;
TRONXT;veh0000000000041;GER01PLANT;06/06/2025-00:00:00;
TROPTH;veh0000000000041;1;GER01PLANT->FRA01DEAL-464;
TRO;42;veh0000000000042;Standard;GER01PLANT;FRA01DEAL;06/06/2025-00:00:00;GER01PLANT->FRA01DEAL-403;17/06/2025-00:00:00;
TRONXT;veh0000000000042;GER01PLANT;06/06/2025-00:00:00;
TROPTH;veh0000000000042;1;GER01PLANT->FRA01DEAL-464;
TRO;43;veh0000000000043;Standard;GER01PLANT;FRA01DEAL;06/06/2025-00:00:00;GER01PLANT->FRA01DEAL-403;18/06/2025-00:00:00;
TRONXT;veh0000000000043;GER01PLANT;06/06/2025-00:00:00;
TROPTH;veh0000000000043;1;GER01PLANT->FRA01DEAL-464;
TRO;44;veh0000000000044;Standard;GER01PLANT;FRA01DEAL;06/06/2025-00:00:00;GER01PLANT->FRA01DEAL-403;12/06/2025-00:00:00;
TRONXT;veh0000000000044;GER01PLANT;06/06/2025-00:00:00;
TROPTH;veh0000000000044;1;GER01PLANT->FRA01DEAL-464;
TRO;45;veh0000000000045;Standard;GER01PLANT;FRA01DEAL;06/06/2025-00:00:00;GER01PLANT->FRA01DEAL-403;11/06/2025-00:00:00;
TRONXT;veh0000000000045;GER01PLANT;06/06/2025-00:00:00;
TROPTH;veh0000000000045;1;GER01PLANT->FRA01DEAL-464;
TRO;46;veh0000000000046;Standard;GER01PLANT;FRA01DEAL;06/06/2025-00:00:00;GER01PLANT->FRA01DEAL-403;13/06/2025-00:00:00;
TRONXT;veh0000000000046;GER01PLANT;06/06/2025-00:00:00;
TROPTH;veh0000000000046;1;GER01PLANT->FRA01DEAL-464;
TRO;47;veh0000000000047;Standard;GER01PLANT;FRA01DEAL;06/06/2025-00:00:00;GER01PLANT->FRA01DEAL-403;11/06/2025-00:00:00;
TRONXT;veh0000000000047;GER01PLANT;06/06/2025-00:00:00;
TROPTH;veh0000000000047;1;GER01PLANT->FRA01DEAL-464;
TRO;48;veh0000000000048;Standard;GER01PLANT;FRA01DEAL;06/06/2025-00:00:00;GER01PLANT->FRA01DEAL-403;17/06/2025-00:00:00;
TRONXT;veh0000000000048;GER01PLANT;06/06/2025-00:00:00;
TROPTH;veh0000000000048;1;GER01PLANT->FRA01DEAL-464;
TRO;49;veh0000000000049;Standard;GER01PLANT;FRA01DEAL;06/06/2025-00:00:00;GER01PLANT->FRA01DEAL-403;11/06/2025-00:00:00;
TRONXT;veh0000000000049;GER01PLANT;06/06/2025-00:00:00;
TROPTH;veh0000000000049;1;GER01PLANT->FRA01DEAL-464;
TRO;50;veh0000000000050;Standard;GER01PLANT;FRA01DEAL;06/06/2025-00:00:00;GER01PLANT->FRA01DEAL-403;16/06/2025-00:00:00;
TRONXT;veh0000000000050;GER01PLANT;06/06/2025-00:00:00;
TROPTH;veh0000000000050;1;GER01PLANT->FRA01DEAL-464;
TRO;51;veh0000000000051;Standard;GER01PLANT;FRA01DEAL;09/06/2025-00:00:00;GER01PLANT->FRA01DEAL-403;17/06/2025-00:00:00;
TRONXT;veh0000000000051;GER01PLANT;09/06/2025-00:00:00;
TROPTH;veh0000000000051;1;GER01PLANT->FRA01DEAL-464;
TRO;52;veh0000000000052;Standard;GER01PLANT;FRA01DEAL;09/06/2025-00:00:00;GER01PLANT->FRA01DEAL-403;16/06/2025-00:00:00;
TRONXT;veh0000000000052;GER01PLANT;09/06/2025-00:00:00;
TROPTH;veh0000000000052;1;GER01PLANT->FRA01DEAL-464;
TRO;53;veh0000000000053;Standard;GER01PLANT;FRA01DEAL;09/06/2025-00:00:00;GER01PLANT->FRA01DEAL-403;18/06/2025-00:00:00;
TRONXT;veh0000000000053;GER01PLANT;09/06/2025-00:00:00;
TROPTH;veh0000000000053;1;GER01PLANT->FRA01DEAL-464;
TRO;54;veh0000000000054;Standard;GER01PLANT;FRA01DEAL;09/06/2025-00:00:00;GER01PLANT->FRA01DEAL-403;16/06/2025-00:00:00;
TRONXT;veh0000000000054;GER01PLANT;09/06/2025-00:00:00;
TROPTH;veh0000000000054;1;GER01PLANT->FRA01DEAL-464;
TRO;55;veh0000000000055;Standard;GER01PLANT;FRA01DEAL;09/06/2025-00:00:00;GER01PLANT->FRA01DEAL-403;19/06/2025-00:00:00;
TRONXT;veh0000000000055;GER01PLANT;09/06/2025-00:00:00;
TROPTH;veh0000000000055;1;GER01PLANT->FRA01DEAL-464;
TRO;56;veh0000000000056;Standard;GER01PLANT;FRA01DEAL;09/06/2025-00:00:00;GER01PLANT->FRA01DEAL-403;20/06/2025-00:00:00;
TRONXT;veh0000000000056;GER01PLANT;09/06/2025-00:00:00;
TROPTH;veh0000000000056;1;GER01PLANT->FRA01DEAL-464;
TRO;57;veh0000000000057;Standard;GER01PLANT;FRA01DEAL;09/06/2025-00:00:00;GER01PLANT->FRA01DEAL-403;20/06/2025-00:00:00;
TRONXT;veh0000000000057;GER01PLANT;09/06/2025-00:00:00;
TROPTH;veh0000000000057;1;GER01PLANT->FRA01DEAL-464;
TRO;58;veh0000000000058;Standard;GER01PLANT;FRA01DEAL;09/06/2025-00:00:00;GER01PLANT->FRA01DEAL-403;21/06/2025-00:00:00;
TRONXT;veh0000000000058;GER01PLANT;09/06/2025-00:00:00;
TROPTH;veh0000000000058;1;GER01PLANT->FRA01DEAL-464;
TRO;59;veh0000000000059;Standard;GER01PLANT;FRA01DEAL;09/06/2025-00:00:00;GER01PLANT->FRA01DEAL-403;16/06/2025-00:00:00;
TRONXT;veh0000000000059;GER01PLANT;09/06/2025-00:00:00;
TROPTH;veh0000000000059;1;GER01PLANT->FRA01DEAL-464;
TRO;60;veh0000000000060;Standard;GER01PLANT;FRA01DEAL;09/06/2025-00:00:00;GER01PLANT->FRA01DEAL-403;20/06/2025-00:00:00;
TRONXT;veh0000000000060;GER01PLANT;09/06/2025-00:00:00;
TROPTH;veh0000000000060;1;GER01PLANT->FRA01DEAL-464;
TRO;61;veh0000000000061;Standard;GER01PLANT;FRA01DEAL;10/06/2025-00:00:00;GER01PLANT->FRA01DEAL-403;22/06/2025-00:00:00;
TRONXT;veh0000000000061;GER01PLANT;10/06/2025-00:00:00;
TROPTH;veh0000000000061;1;GER01PLANT->FRA01DEAL-464;
TRO;62;veh0000000000062;Standard;GER01PLANT;FRA01DEAL;10/06/2025-00:00:00;GER01PLANT->FRA01DEAL-403;21/06/2025-00:00:00;
TRONXT;veh0000000000062;GER01PLANT;10/06/2025-00:00:00;
TROPTH;veh0000000000062;1;GER01PLANT->FRA01DEAL-464;
TRO;63;veh0000000000063;Standard;GER01PLANT;FRA01DEAL;10/06/2025-00:00:00;GER01PLANT->FRA01DEAL-403;21/06/2025-00:00:00;
TRONXT;veh0000000000063;GER01PLANT;10/06/2025-00:00:00;
TROPTH;veh0000000000063;1;GER01PLANT->FRA01DEAL-464;
TRO;64;veh0000000000064;Standard;GER01PLANT;FRA01DEAL;10/06/2025-00:00:00;GER01PLANT->FRA01DEAL-403;20/06/2025-00:00:00;
TRONXT;veh0000000000064;GER01PLANT;10/06/2025-00:00:00;
TROPTH;veh0000000000064;1;GER01PLANT->FRA01DEAL-464;
TRO;65;veh0000000000065;Standard;GER01PLANT;FRA01DEAL;10/06/2025-00:00:00;GER01PLANT->FRA01DEAL-403;17/06/2025-00:00:00;
TRONXT;veh0000000000065;GER01PLANT;10/06/2025-00:00:00;
TROPTH;veh0000000000065;1;GER01PLANT->FRA01DEAL-464;
TRO;66;veh0000000000066;Standard;GER01PLANT;FRA01DEAL;10/06/2025-00:00:00;GER01PLANT->FRA01DEAL-403;20/06/2025-00:00:00;
TRONXT;veh0000000000066;GER01PLANT;10/06/2025-00:00:00;
TROPTH;veh0000000000066;1;GER01PLANT->FRA01DEAL-464;
TRO;67;veh0000000000067;Standard;GER01PLANT;FRA01DEAL;10/06/2025-00:00:00;GER01PLANT->FRA01DEAL-403;21/06/2025-00:00:00;
TRONXT;veh0000000000067;GER01PLANT;10/06/2025-00:00:00;
TROPTH;veh0000000000067;1;GER01PLANT->FRA01DEAL-464;
TRO;68;veh0000000000068;Standard;GER01PLANT;FRA01DEAL;10/06/2025-00:00:00;GER01PLANT->FRA01DEAL-403;22/06/2025-00:00:00;
TRONXT;veh0000000000068;GER01PLANT;10/06/2025-00:00:00;
TROPTH;veh0000000000068;1;GER01PLANT->FRA01DEAL-464;
TRO;69;veh0000000000069;Standard;GER01PLANT;FRA01DEAL;10/06/2025-00:00:00;GER01PLANT->FRA01DEAL-403;21/06/2025-00:00:00;
TRONXT;veh0000000000069;GER01PLANT;10/06/2025-00:00:00;
TROPTH;veh0000000000069;1;GER01PLANT->FRA01DEAL-464;
TRO;70;veh0000000000070;Standard;GER01PLANT;FRA01DEAL;10/06/2025-00:00:00;GER01PLANT->FRA01DEAL-403;14/06/2025-00:00:00;
TRONXT;veh0000000000070;GER01PLANT;10/06/2025-00:00:00;
TROPTH;veh0000000000070;1;GER01PLANT->FRA01DEAL-464;
TRO;71;veh0000000000071;Standard;GER01PLANT;FRA01DEAL;11/06/2025-00:00:00;GER01PLANT->FRA01DEAL-403;17/06/2025-00:00:00;
TRONXT;veh0000000000071;GER01PLANT;11/06/2025-00:00:00;
TROPTH;veh0000000000071;1;GER01PLANT->FRA01DEAL-464;
TRO;72;veh0000000000072;Standard;GER01PLANT;FRA01DEAL;11/06/2025-00:00:00;GER01PLANT->FRA01DEAL-403;19/06/2025-00:00:00;
TRONXT;veh0000000000072;GER01PLANT;11/06/2025-00:00:00;
TROPTH;veh0000000000072;1;GER01PLANT->FRA01DEAL-464;
TRO;73;veh0000000000073;Standard;GER01PLANT;FRA01DEAL;11/06/2025-00:00:00;GER01PLANT->FRA01DEAL-403;23/06/2025-00:00:00;
TRONXT;veh0000000000073;GER01PLANT;11/06/2025-00:00:00;
TROPTH;veh0000000000073;1;GER01PLANT->FRA01DEAL-464;
TRO;74;veh0000000000074;Standard;GER01PLANT;FRA01DEAL;11/06/2025-00:00:00;GER01PLANT->FRA01DEAL-403;17/06/2025-00:00:00;
TRONXT;veh0000000000074;GER01PLANT;11/06/2025-00:00:00;
TROPTH;veh0000000000074;1;GER01PLANT->FRA01DEAL-464;
TRO;75;veh0000000000075;Standard;GER01PLANT;FRA01DEAL;11/06/2025-00:00:00;GER01PLANT->FRA01DEAL-403;23/06/2025-00:00:00;
TRONXT;veh0000000000075;GER01PLANT;11/06/2025-00:00:00;
TROPTH;veh0000000000075;1;GER01PLANT->FRA01DEAL-464;
TRO;76;veh0000000000076;Standard;GER01PLANT;FRA01DEAL;11/06/2025-00:00:00;GER01PLANT->FRA01DEAL-403;21/06/2025-00:00:00;
TRONXT;veh0000000000076;GER01PLANT;11/06/2025-00:00:00;
TROPTH;veh0000000000076;1;GER01PLANT->FRA01DEAL-464;
TRO;77;veh0000000000077;Standard;GER01PLANT;FRA01DEAL;11/06/2025-00:00:00;GER01PLANT->FRA01DEAL-403;20/06/2025-00:00:00;
TRONXT;veh0000000000077;GER01PLANT;11/06/2025-00:00:00;
TROPTH;veh0000000000077;1;GER01PLANT->FRA01DEAL-464;
TRO;78;veh0000000000078;Standard;GER01PLANT;FRA01DEAL;11/06/2025-00:00:00;GER01PLANT->FRA01DEAL-403;15/06/2025-00:00:00;
TRONXT;veh0000000000078;GER01PLANT;11/06/2025-00:00:00;
TROPTH;veh0000000000078;1;GER01PLANT->FRA01DEAL-464;
TRO;79;veh0000000000079;Standard;GER01PLANT;FRA01DEAL;11/06/2025-00:00:00;GER01PLANT->FRA01DEAL-403;19/06/2025-00:00:00;
TRONXT;veh0000000000079;GER01PLANT;11/06/2025-00:00:00;
TROPTH;veh0000000000079;1;GER01PLANT->FRA01DEAL-464;
TRO;80;veh0000000000080;Standard;GER01PLANT;FRA01DEAL;11/06/2025-00:00:00;GER01PLANT->FRA01DEAL-403;16/06/2025-00:00:00;
TRONXT;veh0000000000080;GER01PLANT;11/06/2025-00:00:00;
TROPTH;veh0000000000080;1;GER01PLANT->FRA01DEAL-464;
TRO;81;veh0000000000081;Standard;GER01PLANT;FRA01DEAL;12/06/2025-00:00:00;GER01PLANT->FRA01DEAL-403;23/06/2025-00:00:00;
TRONXT;veh0000000000081;GER01PLANT;12/06/2025-00:00:00;
TROPTH;veh0000000000081;1;GER01PLANT->FRA01DEAL-464;
TRO;82;veh0000000000082;Standard;GER01PLANT;FRA01DEAL;12/06/2025-00:00:00;GER01PLANT->FRA01DEAL-403;22/06/2025-00:00:00;
TRONXT;veh0000000000082;GER01PLANT;12/06/2025-00:00:00;
TROPTH;veh0000000000082;1;GER01PLANT->FRA01DEAL-464;
TRO;83;veh0000000000083;Standard;GER01PLANT;FRA01DEAL;12/06/2025-00:00:00;GER01PLANT->FRA01DEAL-403;16/06/2025-00:00:00;
TRONXT;veh0000000000083;GER01PLANT;12/06/2025-00:00:00;
TROPTH;veh0000000000083;1;GER01PLANT->FRA01DEAL-464;
TRO;84;veh0000000000084;Standard;GER01PLANT;FRA01DEAL;12/06/2025-00:00:00;GER01PLANT->FRA01DEAL-403;20/06/2025-00:00:00;
TRONXT;veh0000000000084;GER01PLANT;12/06/2025-00:00:00;
TROPTH;veh0000000000084;1;GER01PLANT->FRA01DEAL-464;
TRO;85;veh0000000000085;Standard;GER01PLANT;FRA01DEAL;12/06/2025-00:00:00;GER01PLANT->FRA01DEAL-403;16/06/2025-00:00:00;
TRONXT;veh0000000000085;GER01PLANT;12/06/2025-00:00:00;
TROPTH;veh0000000000085;1;GER01PLANT->FRA01DEAL-464;
TRO;86;veh0000000000086;Standard;GER01PLANT;FRA01DEAL;12/06/2025-00:00:00;GER01PLANT->FRA01DEAL-403;16/06/2025-00:00:00;
TRONXT;veh0000000000086;GER01PLANT;12/06/2025-00:00:00;
TROPTH;veh0000000000086;1;GER01PLANT->FRA01DEAL-464;
TRO;87;veh0000000000087;Standard;GER01PLANT;FRA01DEAL;12/06/2025-00:00:00;GER01PLANT->FRA01DEAL-403;23/06/2025-00:00:00;
TRONXT;veh0000000000087;GER01PLANT;12/06/2025-00:00:00;
TROPTH;veh0000000000087;1;GER01PLANT->FRA01DEAL-464;
TRO;88;veh0000000000088;Standard;GER01PLANT;FRA01DEAL;12/06/2025-00:00:00;GER01PLANT->FRA01DEAL-403;23/06/2025-00:00:00;
TRONXT;veh0000000000088;GER01PLANT;12/06/2025-00:00:00;
TROPTH;veh0000000000088;1;GER01PLANT->FRA01DEAL-464;
TRO;89;veh0000000000089;Standard;GER01PLANT;FRA01DEAL;12/06/2025-00:00:00;GER01PLANT->FRA01DEAL-403;19/06/2025-00:00:00;
TRONXT;veh0000000000089;GER01PLANT;12/06/2025-00:00:00;
TROPTH;veh0000000000089;1;GER01PLANT->FRA01DEAL-464;
TRO;90;veh0000000000090;Standard;GER01PLANT;FRA01DEAL;12/06/2025-00:00:00;GER01PLANT->FRA01DEAL-403;23/06/2025-00:00:00;
TRONXT;veh0000000000090;GER01PLANT;12/06/2025-00:00:00;
TROPTH;veh0000000000090;1;GER01PLANT->FRA01DEAL-464;
TRO;91;veh0000000000091;Standard;GER01PLANT;FRA01DEAL;13/06/2025-00:00:00;GER01PLANT->FRA01DEAL-403;20/06/2025-00:00:00;
TRONXT;veh0000000000091;GER01PLANT;13/06/2025-00:00:00;
TROPTH;veh0000000000091;1;GER01PLANT->FRA01DEAL-464;
TRO;92;veh0000000000092;Standard;GER01PLANT;FRA01DEAL;13/06/2025-00:00:00;GER01PLANT->FRA01DEAL-403;24/06/2025-00:00:00;
TRONXT;veh0000000000092;GER01PLANT;13/06/2025-00:00:00;
TROPTH;veh0000000000092;1;GER01PLANT->FRA01DEAL-464;
TRO;93;veh0000000000093;Standard;GER01PLANT;FRA01DEAL;13/06/2025-00:00:00;GER01PLANT->FRA01DEAL-403;20/06/2025-00:00:00;
TRONXT;veh0000000000093;GER01PLANT;13/06/2025-00:00:00;
TROPTH;veh0000000000093;1;GER01PLANT->FRA01DEAL-464;
TRO;94;veh0000000000094;Standard;GER01PLANT;FRA01DEAL;13/06/2025-00:00:00;GER01PLANT->FRA01DEAL-403;20/06/2025-00:00:00;
TRONXT;veh0000000000094;GER01PLANT;13/06/2025-00:00:00;
TROPTH;veh0000000000094;1;GER01PLANT->FRA01DEAL-464;
TRO;95;veh0000000000095;Standard;GER01PLANT;FRA01DEAL;13/06/2025-00:00:00;GER01PLANT->FRA01DEAL-403;19/06/2025-00:00:00;
TRONXT;veh0000000000095;GER01PLANT;13/06/2025-00:00:00;
TROPTH;veh0000000000095;1;GER01PLANT->FRA01DEAL-464;
TRO;96;veh0000000000096;Standard;GER01PLANT;FRA01DEAL;13/06/2025-00:00:00;GER01PLANT->FRA01DEAL-403;21/06/2025-00:00:00;
TRONXT;veh0000000000096;GER01PLANT;13/06/2025-00:00:00;
TROPTH;veh0000000000096;1;GER01PLANT->FRA01DEAL-464;
TRO;97;veh0000000000097;Standard;GER01PLANT;FRA01DEAL;13/06/2025-00:00:00;GER01PLANT->FRA01DEAL-403;23/06/2025-00:00:00;
TRONXT;veh0000000000097;GER01PLANT;13/06/2025-00:00:00;
TROPTH;veh0000000000097;1;GER01PLANT->FRA01DEAL-464;
TRO;98;veh0000000000098;Standard;GER01PLANT;FRA01DEAL;13/06/2025-00:00:00;GER01PLANT->FRA01DEAL-403;20/06/2025-00:00:00;
TRONXT;veh0000000000098;GER01PLANT;13/06/2025-00:00:00;
TROPTH;veh0000000000098;1;GER01PLANT->FRA01DEAL-464;
TRO;99;veh0000000000099;Standard;GER01PLANT;FRA01DEAL;13/06/2025-00:00:00;GER01PLANT->FRA01DEAL-403;17/06/2025-00:00:00;
TRONXT;veh0000000000099;GER01PLANT;13/06/2025-00:00:00;
TROPTH;veh0000000000099;1;GER01PLANT->FRA01DEAL-464;
TRO;100;veh0000000000100;Standard;GER01PLANT;FRA01DEAL;13/06/2025-00:00:00;GER01PLANT->FRA01DEAL-403;17/06/2025-00:00:00;
TRONXT;veh0000000000100;GER01PLANT;13/06/2025-00:00:00;
TROPTH;veh0000000000100;1;GER01PLANT->FRA01DEAL-464;
TRO;101;veh0000000000101;Standard;GER01PLANT;FRA01DEAL;16/06/2025-00:00:00;GER01PLANT->FRA01DEAL-403;22/06/2025-00:00:00;
TRONXT;veh0000000000101;GER01PLANT;16/06/2025-00:00:00;
TROPTH;veh0000000000101;1;GER01PLANT->FRA01DEAL-464;
TRO;102;veh0000000000102;Standard;GER01PLANT;FRA01DEAL;16/06/2025-00:00:00;GER01PLANT->FRA01DEAL-403;20/06/2025-00:00:00;
TRONXT;veh0000000000102;GER01PLANT;16/06/2025-00:00:00;
TROPTH;veh0000000000102;1;GER01PLANT->FRA01DEAL-464;
TRO;103;veh0000000000103;Standard;GER01PLANT;FRA01DEAL;16/06/2025-00:00:00;GER01PLANT->FRA01DEAL-403;25/06/2025-00:00:00;
TRONXT;veh0000000000103;GER01PLANT;16/06/2025-00:00:00;
TROPTH;veh0000000000103;1;GER01PLANT->FRA01DEAL-464;
TRO;104;veh0000000000104;Standard;GER01PLANT;FRA01DEAL;16/06/2025-00:00:00;GER01PLANT->FRA01DEAL-403;25/06/2025-00:00:00;
TRONXT;veh0000000000104;GER01PLANT;16/06/2025-00:00:00;
TROPTH;veh0000000000104;1;GER01PLANT->FRA01DEAL-464;
TRO;105;veh0000000000105;Standard;GER01PLANT;FRA01DEAL;16/06/2025-00:00:00;GER01PLANT->FRA01DEAL-403;23/06/2025-00:00:00;
TRONXT;veh0000000000105;GER01PLANT;16/06/2025-00:00:00;
TROPTH;veh0000000000105;1;GER01PLANT->FRA01DEAL-464;
TRO;106;veh0000000000106;Standard;GER01PLANT;FRA01DEAL;16/06/2025-00:00:00;GER01PLANT->FRA01DEAL-403;24/06/2025-00:00:00;
TRONXT;veh0000000000106;GER01PLANT;16/06/2025-00:00:00;
TROPTH;veh0000000000106;1;GER01PLANT->FRA01DEAL-464;
TRO;107;veh0000000000107;Standard;GER01PLANT;FRA01DEAL;16/06/2025-00:00:00;GER01PLANT->FRA01DEAL-403;26/06/2025-00:00:00;
TRONXT;veh0000000000107;GER01PLANT;16/06/2025-00:00:00;
TROPTH;veh0000000000107;1;GER01PLANT->FRA01DEAL-464;
TRO;108;veh0000000000108;Standard;GER01PLANT;FRA01DEAL;16/06/2025-00:00:00;GER01PLANT->FRA01DEAL-403;26/06/2025-00:00:00;
TRONXT;veh0000000000108;GER01PLANT;16/06/2025-00:00:00;
TROPTH;veh0000000000108;1;GER01PLANT->FRA01DEAL-464;
TRO;109;veh0000000000109;Standard;GER01PLANT;FRA01DEAL;16/06/2025-00:00:00;GER01PLANT->FRA01DEAL-403;20/06/2025-00:00:00;
TRONXT;veh0000000000109;GER01PLANT;16/06/2025-00:00:00;
TROPTH;veh0000000000109;1;GER01PLANT->FRA01DEAL-464;
TRO;110;veh0000000000110;Standard;GER01PLANT;FRA01DEAL;16/06/2025-00:00:00;GER01PLANT->FRA01DEAL-403;24/06/2025-00:00:00;
TRONXT;veh0000000000110;GER01PLANT;16/06/2025-00:00:00;
TROPTH;veh0000000000110;1;GER01PLANT->FRA01DEAL-464;
TRO;111;veh0000000000111;Standard;GER01PLANT;FRA01DEAL;17/06/2025-00:00:00;GER01PLANT->FRA01DEAL-403;25/06/2025-00:00:00;
TRONXT;veh0000000000111;GER01PLANT;17/06/2025-00:00:00;
TROPTH;veh0000000000111;1;GER01PLANT->FRA01DEAL-464;
TRO;112;veh0000000000112;Standard;GER01PLANT;FRA01DEAL;17/06/2025-00:00:00;GER01PLANT->FRA01DEAL-403;23/06/2025-00:00:00;
TRONXT;veh0000000000112;GER01PLANT;17/06/2025-00:00:00;
TROPTH;veh0000000000112;1;GER01PLANT->FRA01DEAL-464;
TRO;113;veh0000000000113;Standard;GER01PLANT;FRA01DEAL;17/06/2025-00:00:00;GER01PLANT->FRA01DEAL-403;22/06/2025-00:00:00;
TRONXT;veh0000000000113;GER01PLANT;17/06/2025-00:00:00;
TROPTH;veh0000000000113;1;GER01PLANT->FRA01DEAL-464;
TRO;114;veh0000000000114;Standard;GER01PLANT;FRA01DEAL;17/06/2025-00:00:00;GER01PLANT->FRA01DEAL-403;28/06/2025-00:00:00;
TRONXT;veh0000000000114;GER01PLANT;17/06/2025-00:00:00;
TROPTH;veh0000000000114;1;GER01PLANT->FRA01DEAL-464;
TRO;115;veh0000000000115;Standard;GER01PLANT;FRA01DEAL;17/06/2025-00:00:00;GER01PLANT->FRA01DEAL-403;22/06/2025-00:00:00;
TRONXT;veh0000000000115;GER01PLANT;17/06/2025-00:00:00;
TROPTH;veh0000000000115;1;GER01PLANT->FRA01DEAL-464;
TRO;116;veh0000000000116;Standard;GER01PLANT;FRA01DEAL;17/06/2025-00:00:00;GER01PLANT->FRA01DEAL-403;28/06/2025-00:00:00;
TRONXT;veh0000000000116;GER01PLANT;17/06/2025-00:00:00;
TROPTH;veh0000000000116;1;GER01PLANT->FRA01DEAL-464;
TRO;117;veh0000000000117;Standard;GER01PLANT;FRA01DEAL;17/06/2025-00:00:00;GER01PLANT->FRA01DEAL-403;27/06/2025-00:00:00;
TRONXT;veh0000000000117;GER01PLANT;17/06/2025-00:00:00;
TROPTH;veh0000000000117;1;GER01PLANT->FRA01DEAL-464;
TRO;118;veh0000000000118;Standard;GER01PLANT;FRA01DEAL;17/06/2025-00:00:00;GER01PLANT->FRA01DEAL-403;22/06/2025-00:00:00;
TRONXT;veh0000000000118;GER01PLANT;17/06/2025-00:00:00;
TROPTH;veh0000000000118;1;GER01PLANT->FRA01DEAL-464;
TRO;119;veh0000000000119;Standard;GER01PLANT;FRA01DEAL;17/06/2025-00:00:00;GER01PLANT->FRA01DEAL-403;24/06/2025-00:00:00;
TRONXT;veh0000000000119;GER01PLANT;17/06/2025-00:00:00;
TROPTH;veh0000000000119;1;GER01PLANT->FRA01DEAL-464;
TRO;120;veh0000000000120;Standard;GER01PLANT;FRA01DEAL;17/06/2025-00:00:00;GER01PLANT->FRA01DEAL-403;27/06/2025-00:00:00;
TRONXT;veh0000000000120;GER01PLANT;17/06/2025-00:00:00;
TROPTH;veh0000000000120;1;GER01PLANT->FRA01DEAL-464;
TRO;121;veh0000000000121;Standard;GER01PLANT;FRA01DEAL;18/06/2025-00:00:00;GER01PLANT->FRA01DEAL-403;28/06/2025-00:00:00;
TRONXT;veh0000000000121;GER01PLANT;18/06/2025-00:00:00;
TROPTH;veh0000000000121;1;GER01PLANT->FRA01DEAL-464;
TRO;122;veh0000000000122;Standard;GER01PLANT;FRA01DEAL;18/06/2025-00:00:00;GER01PLANT->FRA01DEAL-403;24/06/2025-00:00:00;
TRONXT;veh0000000000122;GER01PLANT;18/06/2025-00:00:00;
TROPTH;veh0000000000122;1;GER01PLANT->FRA01DEAL-464;
TRO;123;veh0000000000123;Standard;GER01PLANT;FRA01DEAL;18/06/2025-00:00:00;GER01PLANT->FRA01DEAL-403;27/06/2025-00:00:00;
TRONXT;veh0000000000123;GER01PLANT;18/06/2025-00:00:00;
TROPTH;veh0000000000123;1;GER01PLANT->FRA01DEAL-464;
TRO;124;veh0000000000124;Standard;GER01PLANT;FRA01DEAL;18/06/2025-00:00:00;GER01PLANT->FRA01DEAL-403;23/06/2025-00:00:00;
TRONXT;veh0000000000124;GER01PLANT;18/06/2025-00:00:00;
TROPTH;veh0000000000124;1;GER01PLANT->FRA01DEAL-464;
TRO;125;veh0000000000125;Standard;GER01PLANT;FRA01DEAL;18/06/2025-00:00:00;GER01PLANT->FRA01DEAL-403;26/06/2025-00:00:00;
TRONXT;veh0000000000125;GER01PLANT;18/06/2025-00:00:00;
TROPTH;veh0000000000125;1;GER01PLANT->FRA01DEAL-464;
TRO;126;veh0000000000126;Standard;GER01PLANT;FRA01DEAL;18/06/2025-00:00:00;GER01PLANT->FRA01DEAL-403;27/06/2025-00:00:00;
TRONXT;veh0000000000126;GER01PLANT;18/06/2025-00:00:00;
TROPTH;veh0000000000126;1;GER01PLANT->FRA01DEAL-464;
TRO;127;veh0000000000127;Standard;GER01PLANT;FRA01DEAL;18/06/2025-00:00:00;GER01PLANT->FRA01DEAL-403;26/06/2025-00:00:00;
TRONXT;veh0000000000127;GER01PLANT;18/06/2025-00:00:00;
TROPTH;veh0000000000127;1;GER01PLANT->FRA01DEAL-464;
TRO;128;veh0000000000128;Standard;GER01PLANT;FRA01DEAL;18/06/2025-00:00:00;GER01PLANT->FRA01DEAL-403;27/06/2025-00:00:00;
TRONXT;veh0000000000128;GER01PLANT;18/06/2025-00:00:00;
TROPTH;veh0000000000128;1;GER01PLANT->FRA01DEAL-464;
TRO;129;veh0000000000129;Standard;GER01PLANT;FRA01DEAL;18/06/2025-00:00:00;GER01PLANT->FRA01DEAL-403;26/06/2025-00:00:00;
TRONXT;veh0000000000129;GER01PLANT;18/06/2025-00:00:00;
TROPTH;veh0000000000129;1;GER01PLANT->FRA01DEAL-464;
TRO;130;veh0000000000130;Standard;GER01PLANT;FRA01DEAL;18/06/2025-00:00:00;GER01PLANT->FRA01DEAL-403;25/06/2025-00:00:00;
TRONXT;veh0000000000130;GER01PLANT;18/06/2025-00:00:00;
TROPTH;veh0000000000130;1;GER01PLANT->FRA01DEAL-464;
TRO;131;veh0000000000131;Standard;GER01PLANT;FRA01DEAL;19/06/2025-00:00:00;GER01PLANT->FRA01DEAL-403;23/06/2025-00:00:00;
TRONXT;veh0000000000131;GER01PLANT;19/06/2025-00:00:00;
TROPTH;veh0000000000131;1;GER01PLANT->FRA01DEAL-464;
TRO;132;veh0000000000132;Standard;GER01PLANT;FRA01DEAL;19/06/2025-00:00:00;GER01PLANT->FRA01DEAL-403;28/06/2025-00:00:00;
TRONXT;veh0000000000132;GER01PLANT;19/06/2025-00:00:00;
TROPTH;veh0000000000132;1;GER01PLANT->FRA01DEAL-464;
TRO;133;veh0000000000133;Standard;GER01PLANT;FRA01DEAL;19/06/2025-00:00:00;GER01PLANT->FRA01DEAL-403;23/06/2025-00:00:00;
TRONXT;veh0000000000133;GER01PLANT;19/06/2025-00:00:00;
TROPTH;veh0000000000133;1;GER01PLANT->FRA01DEAL-464;
TRO;134;veh0000000000134;Standard;GER01PLANT;FRA01DEAL;19/06/2025-00:00:00;GER01PLANT->FRA01DEAL-403;28/06/2025-00:00:00;
TRONXT;veh0000000000134;GER01PLANT;19/06/2025-00:00:00;
TROPTH;veh0000000000134;1;GER01PLANT->FRA01DEAL-464;
TRO;135;veh0000000000135;Standard;GER01PLANT;FRA01DEAL;19/06/2025-00:00:00;GER01PLANT->FRA01DEAL-403;24/06/2025-00:00:00;
TRONXT;veh0000000000135;GER01PLANT;19/06/2025-00:00:00;
TROPTH;veh0000000000135;1;GER01PLANT->FRA01DEAL-464;
TRO;136;veh0000000000136;Standard;GER01PLANT;FRA01DEAL;19/06/2025-00:00:00;GER01PLANT->FRA01DEAL-403;27/06/2025-00:00:00;
TRONXT;veh0000000000136;GER01PLANT;19/06/2025-00:00:00;
TROPTH;veh0000000000136;1;GER01PLANT->FRA01DEAL-464;
TRO;137;veh0000000000137;Standard;GER01PLANT;FRA01DEAL;19/06/2025-00:00:00;GER01PLANT->FRA01DEAL-403;01/07/2025-00:00:00;
TRONXT;veh0000000000137;GER01PLANT;19/06/2025-00:00:00;
TROPTH;veh0000000000137;1;GER01PLANT->FRA01DEAL-464;
TRO;138;veh0000000000138;Standard;GER01PLANT;FRA01DEAL;19/06/2025-00:00:00;GER01PLANT->FRA01DEAL-403;28/06/2025-00:00:00;
TRONXT;veh0000000000138;GER01PLANT;19/06/2025-00:00:00;
TROPTH;veh0000000000138;1;GER01PLANT->FRA01DEAL-464;
TRO;139;veh0000000000139;Standard;GER01PLANT;FRA01DEAL;19/06/2025-00:00:00;GER01PLANT->FRA01DEAL-403;27/06/2025-00:00:00;
TRONXT;veh0000000000139;GER01PLANT;19/06/2025-00:00:00;
TROPTH;veh0000000000139;1;GER01PLANT->FRA01DEAL-464;
TRO;140;veh0000000000140;Standard;GER01PLANT;FRA01DEAL;19/06/2025-00:00:00;GER01PLANT->FRA01DEAL-403;23/06/2025-00:00:00;
TRONXT;veh0000000000140;GER01PLANT;19/06/2025-00:00:00;
TROPTH;veh0000000000140;1;GER01PLANT->FRA01DEAL-464;
TRO;141;veh0000000000141;Standard;GER01PLANT;FRA01DEAL;20/06/2025-00:00:00;GER01PLANT->FRA01DEAL-403;01/07/2025-00:00:00;
TRONXT;veh0000000000141;GER01PLANT;20/06/2025-00:00:00;
TROPTH;veh0000000000141;1;GER01PLANT->FRA01DEAL-464;
TRO;142;veh0000000000142;Standard;GER01PLANT;FRA01DEAL;20/06/2025-00:00:00;GER01PLANT->FRA01DEAL-403;26/06/2025-00:00:00;
TRONXT;veh0000000000142;GER01PLANT;20/06/2025-00:00:00;
TROPTH;veh0000000000142;1;GER01PLANT->FRA01DEAL-464;
TRO;143;veh0000000000143;Standard;GER01PLANT;FRA01DEAL;20/06/2025-00:00:00;GER01PLANT->FRA01DEAL-403;29/06/2025-00:00:00;
TRONXT;veh0000000000143;GER01PLANT;20/06/2025-00:00:00;
TROPTH;veh0000000000143;1;GER01PLANT->FRA01DEAL-464;
TRO;144;veh0000000000144;Standard;GER01PLANT;FRA01DEAL;20/06/2025-00:00:00;GER01PLANT->FRA01DEAL-403;26/06/2025-00:00:00;
TRONXT;veh0000000000144;GER01PLANT;20/06/2025-00:00:00;
TROPTH;veh0000000000144;1;GER01PLANT->FRA01DEAL-464;
TRO;145;veh0000000000145;Standard;GER01PLANT;FRA01DEAL;20/06/2025-00:00:00;GER01PLANT->FRA01DEAL-403;25/06/2025-00:00:00;
TRONXT;veh0000000000145;GER01PLANT;20/06/2025-00:00:00;
TROPTH;veh0000000000145;1;GER01PLANT->FRA01DEAL-464;
TRO;146;veh0000000000146;Standard;GER01PLANT;FRA01DEAL;20/06/2025-00:00:00;GER01PLANT->FRA01DEAL-403;01/07/2025-00:00:00;
TRONXT;veh0000000000146;GER01PLANT;20/06/2025-00:00:00;
TROPTH;veh0000000000146;1;GER01PLANT->FRA01DEAL-464;
TRO;147;veh0000000000147;Standard;GER01PLANT;FRA01DEAL;20/06/2025-00:00:00;GER01PLANT->FRA01DEAL-403;24/06/2025-00:00:00;
TRONXT;veh0000000000147;GER01PLANT;20/06/2025-00:00:00;
TROPTH;veh0000000000147;1;GER01PLANT->FRA01DEAL-464;
TRO;148;veh0000000000148;Standard;GER01PLANT;FRA01DEAL;20/06/2025-00:00:00;GER01PLANT->FRA01DEAL-403;29/06/2025-00:00:00;
TRONXT;veh0000000000148;GER01PLANT;20/06/2025-00:00:00;
TROPTH;veh0000000000148;1;GER01PLANT->FRA01DEAL-464;
TRO;149;veh0000000000149;Standard;GER01PLANT;FRA01DEAL;20/06/2025-00:00:00;GER01PLANT->FRA01DEAL-403;02/07/2025-00:00:00;
TRONXT;veh0000000000149;GER01PLANT;20/06/2025-00:00:00;
TROPTH;veh0000000000149;1;GER01PLANT->FRA01DEAL-464;
TRO;150;veh0000000000150;Standard;GER01PLANT;FRA01DEAL;20/06/2025-00:00:00;GER01PLANT->FRA01DEAL-403;26/06/2025-00:00:00;
TRONXT;veh0000000000150;GER01PLANT;20/06/2025-00:00:00;
TROPTH;veh0000000000150;1;GER01PLANT->FRA01DEAL-464;
TRO;151;veh0000000000151;Standard;GER01PLANT;FRA01DEAL;23/06/2025-00:00:00;GER01PLANT->FRA01DEAL-403;04/07/2025-00:00:00;
TRONXT;veh0000000000151;GER01PLANT;23/06/2025-00:00:00;
TROPTH;veh0000000000151;1;GER01PLANT->FRA01DEAL-464;
TRO;152;veh0000000000152;Standard;GER01PLANT;FRA01DEAL;23/06/2025-00:00:00;GER01PLANT->FRA01DEAL-403;28/06/2025-00:00:00;
TRONXT;veh0000000000152;GER01PLANT;23/06/2025-00:00:00;
TROPTH;veh0000000000152;1;GER01PLANT->FRA01DEAL-464;
TRO;153;veh0000000000153;Standard;GER01PLANT;FRA01DEAL;23/06/2025-00:00:00;GER01PLANT->FRA01DEAL-403;05/07/2025-00:00:00;
TRONXT;veh0000000000153;GER01PLANT;23/06/2025-00:00:00;
TROPTH;veh0000000000153;1;GER01PLANT->FRA01DEAL-464;
TRO;154;veh0000000000154;Standard;GER01PLANT;FRA01DEAL;23/06/2025-00:00:00;GER01PLANT->FRA01DEAL-403;02/07/2025-00:00:00;
TRONXT;veh0000000000154;GER01PLANT;23/06/2025-00:00:00;
TROPTH;veh0000000000154;1;GER01PLANT->FRA01DEAL-464;
TRO;155;veh0000000000155;Standard;GER01PLANT;FRA01DEAL;23/06/2025-00:00:00;GER01PLANT->FRA01DEAL-403;02/07/2025-00:00:00;
TRONXT;veh0000000000155;GER01PLANT;23/06/2025-00:00:00;
TROPTH;veh0000000000155;1;GER01PLANT->FRA01DEAL-464;
TRO;156;veh0000000000156;Standard;GER01PLANT;FRA01DEAL;23/06/2025-00:00:00;GER01PLANT->FRA01DEAL-403;03/07/2025-00:00:00;
TRONXT;veh0000000000156;GER01PLANT;23/06/2025-00:00:00;
TROPTH;veh0000000000156;1;GER01PLANT->FRA01DEAL-464;
TRO;157;veh0000000000157;Standard;GER01PLANT;FRA01DEAL;23/06/2025-00:00:00;GER01PLANT->FRA01DEAL-403;01/07/2025-00:00:00;
TRONXT;veh0000000000157;GER01PLANT;23/06/2025-00:00:00;
TROPTH;veh0000000000157;1;GER01PLANT->FRA01DEAL-464;
TRO;158;veh0000000000158;Standard;GER01PLANT;FRA01DEAL;23/06/2025-00:00:00;GER01PLANT->FRA01DEAL-403;29/06/2025-00:00:00;
TRONXT;veh0000000000158;GER01PLANT;23/06/2025-00:00:00;
TROPTH;veh0000000000158;1;GER01PLANT->FRA01DEAL-464;
TRO;159;veh0000000000159;Standard;GER01PLANT;FRA01DEAL;23/06/2025-00:00:00;GER01PLANT->FRA01DEAL-403;02/07/2025-00:00:00;
TRONXT;veh0000000000159;GER01PLANT;23/06/2025-00:00:00;
TROPTH;veh0000000000159;1;GER01PLANT->FRA01DEAL-464;
TRO;160;veh0000000000160;Standard;GER01PLANT;FRA01DEAL;23/06/2025-00:00:00;GER01PLANT->FRA01DEAL-403;03/07/2025-00:00:00;
TRONXT;veh0000000000160;GER01PLANT;23/06/2025-00:00:00;
TROPTH;veh0000000000160;1;GER01PLANT->FRA01DEAL-464;
TRO;161;veh0000000000161;Standard;GER01PLANT;FRA01DEAL;24/06/2025-00:00:00;GER01PLANT->FRA01DEAL-403;30/06/2025-00:00:00;
TRONXT;veh0000000000161;GER01PLANT;24/06/2025-00:00:00;
TROPTH;veh0000000000161;1;GER01PLANT->FRA01DEAL-464;
TRO;162;veh0000000000162;Standard;GER01PLANT;FRA01DEAL;24/06/2025-00:00:00;GER01PLANT->FRA01DEAL-403;28/06/2025-00:00:00;
TRONXT;veh0000000000162;GER01PLANT;24/06/2025-00:00:00;
TROPTH;veh0000000000162;1;GER01PLANT->FRA01DEAL-464;
TRO;163;veh0000000000163;Standard;GER01PLANT;FRA01DEAL;24/06/2025-00:00:00;GER01PLANT->FRA01DEAL-403;28/06/2025-00:00:00;
TRONXT;veh0000000000163;GER01PLANT;24/06/2025-00:00:00;
TROPTH;veh0000000000163;1;GER01PLANT->FRA01DEAL-464;
TRO;164;veh0000000000164;Standard;GER01PLANT;FRA01DEAL;24/06/2025-00:00:00;GER01PLANT->FRA01DEAL-403;03/07/2025-00:00:00;
TRONXT;veh0000000000164;GER01PLANT;24/06/2025-00:00:00;
TROPTH;veh0000000000164;1;GER01PLANT->FRA01DEAL-464;
TRO;165;veh0000000000165;Standard;GER01PLANT;FRA01DEAL;24/06/2025-00:00:00;GER01PLANT->FRA01DEAL-403;30/06/2025-00:00:00;
TRONXT;veh0000000000165;GER01PLANT;24/06/2025-00:00:00;
TROPTH;veh0000000000165;1;GER01PLANT->FRA01DEAL-464;
TRO;166;veh0000000000166;Standard;GER01PLANT;FRA01DEAL;24/06/2025-00:00:00;GER01PLANT->FRA01DEAL-403;06/07/2025-00:00:00;
TRONXT;veh0000000000166;GER01PLANT;24/06/2025-00:00:00;
TROPTH;veh0000000000166;1;GER01PLANT->FRA01DEAL-464;
TRO;167;veh0000000000167;Standard;GER01PLANT;FRA01DEAL;24/06/2025-00:00:00;GER01PLANT->FRA01DEAL-403;30/06/2025-00:00:00;
TRONXT;veh0000000000167;GER01PLANT;24/06/2025-00:00:00;
TROPTH;veh0000000000167;1;GER01PLANT->FRA01DEAL-464;
TRO;168;veh0000000000168;Standard;GER01PLANT;FRA01DEAL;24/06/2025-00:00:00;GER01PLANT->FRA01DEAL-403;02/07/2025-00:00:00;
TRONXT;veh0000000000168;GER01PLANT;24/06/2025-00:00:00;
TROPTH;veh0000000000168;1;GER01PLANT->FRA01DEAL-464;
TRO;169;veh0000000000169;Standard;GER01PLANT;FRA01DEAL;24/06/2025-00:00:00;GER01PLANT->FRA01DEAL-403;03/07/2025-00:00:00;
TRONXT;veh0000000000169;GER01PLANT;24/06/2025-00:00:00;
TROPTH;veh0000000000169;1;GER01PLANT->FRA01DEAL-464;
TRO;170;veh0000000000170;Standard;GER01PLANT;FRA01DEAL;24/06/2025-00:00:00;GER01PLANT->FRA01DEAL-403;05/07/2025-00:00:00;
TRONXT;veh0000000000170;GER01PLANT;24/06/2025-00:00:00;
TROPTH;veh0000000000170;1;GER01PLANT->FRA01DEAL-464;
TRO;171;veh0000000000171;Standard;GER01PLANT;FRA01DEAL;25/06/2025-00:00:00;GER01PLANT->FRA01DEAL-403;02/07/2025-00:00:00;
TRONXT;veh0000000000171;GER01PLANT;25/06/2025-00:00:00;
TROPTH;veh0000000000171;1;GER01PLANT->FRA01DEAL-464;
TRO;172;veh0000000000172;Standard;GER01PLANT;FRA01DEAL;25/06/2025-00:00:00;GER01PLANT->FRA01DEAL-403;03/07/2025-00:00:00;
TRONXT;veh0000000000172;GER01PLANT;25/06/2025-00:00:00;
TROPTH;veh0000000000172;1;GER01PLANT->FRA01DEAL-464;
TRO;173;veh0000000000173;Standard;GER01PLANT;FRA01DEAL;25/06/2025-00:00:00;GER01PLANT->FRA01DEAL-403;07/07/2025-00:00:00;
TRONXT;veh0000000000173;GER01PLANT;25/06/2025-00:00:00;
TROPTH;veh0000000000173;1;GER01PLANT->FRA01DEAL-464;
TRO;174;veh0000000000174;Standard;GER01PLANT;FRA01DEAL;25/06/2025-00:00:00;GER01PLANT->FRA01DEAL-403;29/06/2025-00:00:00;
TRONXT;veh0000000000174;GER01PLANT;25/06/2025-00:00:00;
TROPTH;veh0000000000174;1;GER01PLANT->FRA01DEAL-464;
TRO;175;veh0000000000175;Standard;GER01PLANT;FRA01DEAL;25/06/2025-00:00:00;GER01PLANT->FRA01DEAL-403;06/07/2025-00:00:00;
TRONXT;veh0000000000175;GER01PLANT;25/06/2025-00:00:00;
TROPTH;veh0000000000175;1;GER01PLANT->FRA01DEAL-464;
TRO;176;veh0000000000176;Standard;GER01PLANT;FRA01DEAL;25/06/2025-00:00:00;GER01PLANT->FRA01DEAL-403;30/06/2025-00:00:00;
TRONXT;veh0000000000176;GER01PLANT;25/06/2025-00:00:00;
TROPTH;veh0000000000176;1;GER01PLANT->FRA01DEAL-464;
TRO;177;veh0000000000177;Standard;GER01PLANT;FRA01DEAL;25/06/2025-00:00:00;GER01PLANT->FRA01DEAL-403;29/06/2025-00:00:00;
TRONXT;veh0000000000177;GER01PLANT;25/06/2025-00:00:00;
TROPTH;veh0000000000177;1;GER01PLANT->FRA01DEAL-464;
TRO;178;veh0000000000178;Standard;GER01PLANT;FRA01DEAL;25/06/2025-00:00:00;GER01PLANT->FRA01DEAL-403;03/07/2025-00:00:00;
TRONXT;veh0000000000178;GER01PLANT;25/06/2025-00:00:00;
TROPTH;veh0000000000178;1;GER01PLANT->FRA01DEAL-464;
TRO;179;veh0000000000179;Standard;GER01PLANT;FRA01DEAL;25/06/2025-00:00:00;GER01PLANT->FRA01DEAL-403;05/07/2025-00:00:00;
TRONXT;veh0000000000179;GER01PLANT;25/06/2025-00:00:00;
TROPTH;veh0000000000179;1;GER01PLANT->FRA01DEAL-464;
TRO;180;veh0000000000180;Standard;GER01PLANT;FRA01DEAL;25/06/2025-00:00:00;GER01PLANT->FRA01DEAL-403;30/06/2025-00:00:00;
TRONXT;veh0000000000180;GER01PLANT;25/06/2025-00:00:00;
TROPTH;veh0000000000180;1;GER01PLANT->FRA01DEAL-464;
TRO;181;veh0000000000181;Standard;GER01PLANT;FRA01DEAL;26/06/2025-00:00:00;GER01PLANT->FRA01DEAL-403;05/07/2025-00:00:00;
TRONXT;veh0000000000181;GER01PLANT;26/06/2025-00:00:00;
TROPTH;veh0000000000181;1;GER01PLANT->FRA01DEAL-464;
TRO;182;veh0000000000182;Standard;GER01PLANT;FRA01DEAL;26/06/2025-00:00:00;GER01PLANT->FRA01DEAL-403;06/07/2025-00:00:00;
TRONXT;veh0000000000182;GER01PLANT;26/06/2025-00:00:00;
TROPTH;veh0000000000182;1;GER01PLANT->FRA01DEAL-464;
TRO;183;veh0000000000183;Standard;GER01PLANT;FRA01DEAL;26/06/2025-00:00:00;GER01PLANT->FRA01DEAL-403;04/07/2025-00:00:00;
TRONXT;veh0000000000183;GER01PLANT;26/06/2025-00:00:00;
TROPTH;veh0000000000183;1;GER01PLANT->FRA01DEAL-464;
TRO;184;veh0000000000184;Standard;GER01PLANT;FRA01DEAL;26/06/2025-00:00:00;GER01PLANT->FRA01DEAL-403;08/07/2025-00:00:00;
TRONXT;veh0000000000184;GER01PLANT;26/06/2025-00:00:00;
TROPTH;veh0000000000184;1;GER01PLANT->FRA01DEAL-464;
TRO;185;veh0000000000185;Standard;GER01PLANT;FRA01DEAL;26/06/2025-00:00:00;GER01PLANT->FRA01DEAL-403;01/07/2025-00:00:00;
TRONXT;veh0000000000185;GER01PLANT;26/06/2025-00:00:00;
TROPTH;veh0000000000185;1;GER01PLANT->FRA01DEAL-464;
TRO;186;veh0000000000186;Standard;GER01PLANT;FRA01DEAL;26/06/2025-00:00:00;GER01PLANT->FRA01DEAL-403;05/07/2025-00:00:00;
TRONXT;veh0000000000186;GER01PLANT;26/06/2025-00:00:00;
TROPTH;veh0000000000186;1;GER01PLANT->FRA01DEAL-464;
TRO;187;veh0000000000187;Standard;GER01PLANT;FRA01DEAL;26/06/2025-00:00:00;GER01PLANT->FRA01DEAL-403;07/07/2025-00:00:00;
TRONXT;veh0000000000187;GER01PLANT;26/06/2025-00:00:00;
TROPTH;veh0000000000187;1;GER01PLANT->FRA01DEAL-464;
TRO;188;veh0000000000188;Standard;GER01PLANT;FRA01DEAL;26/06/2025-00:00:00;GER01PLANT->FRA01DEAL-403;02/07/2025-00:00:00;
TRONXT;veh0000000000188;GER01PLANT;26/06/2025-00:00:00;
TROPTH;veh0000000000188;1;GER01PLANT->FRA01DEAL-464;
TRO;189;veh0000000000189;Standard;GER01PLANT;FRA01DEAL;26/06/2025-00:00:00;GER01PLANT->FRA01DEAL-403;02/07/2025-00:00:00;
TRONXT;veh0000000000189;GER01PLANT;26/06/2025-00:00:00;
TROPTH;veh0000000000189;1;GER01PLANT->FRA01DEAL-464;
TRO;190;veh0000000000190;Standard;GER01PLANT;FRA01DEAL;26/06/2025-00:00:00;GER01PLANT->FRA01DEAL-403;01/07/2025-00:00:00;
TRONXT;veh0000000000190;GER01PLANT;26/06/2025-00:00:00;
TROPTH;veh0000000000190;1;GER01PLANT->FRA01DEAL-464;
TRO;191;veh0000000000191;Standard;GER01PLANT;FRA01DEAL;27/06/2025-00:00:00;GER01PLANT->FRA01DEAL-403;07/07/2025-00:00:00;
TRONXT;veh0000000000191;GER01PLANT;27/06/2025-00:00:00;
TROPTH;veh0000000000191;1;GER01PLANT->FRA01DEAL-464;
TRO;192;veh0000000000192;Standard;GER01PLANT;FRA01DEAL;27/06/2025-00:00:00;GER01PLANT->FRA01DEAL-403;05/07/2025-00:00:00;
TRONXT;veh0000000000192;GER01PLANT;27/06/2025-00:00:00;
TROPTH;veh0000000000192;1;GER01PLANT->FRA01DEAL-464;
TRO;193;veh0000000000193;Standard;GER01PLANT;FRA01DEAL;27/06/2025-00:00:00;GER01PLANT->FRA01DEAL-403;08/07/2025-00:00:00;
TRONXT;veh0000000000193;GER01PLANT;27/06/2025-00:00:00;
TROPTH;veh0000000000193;1;GER01PLANT->FRA01DEAL-464;
TRO;194;veh0000000000194;Standard;GER01PLANT;FRA01DEAL;27/06/2025-00:00:00;GER01PLANT->FRA01DEAL-403;06/07/2025-00:00:00;
TRONXT;veh0000000000194;GER01PLANT;27/06/2025-00:00:00;
TROPTH;veh0000000000194;1;GER01PLANT->FRA01DEAL-464;
TRO;195;veh0000000000195;Standard;GER01PLANT;FRA01DEAL;27/06/2025-00:00:00;GER01PLANT->FRA01DEAL-403;08/07/2025-00:00:00;
TRONXT;veh0000000000195;GER01PLANT;27/06/2025-00:00:00;
TROPTH;veh0000000000195;1;GER01PLANT->FRA01DEAL-464;
TRO;196;veh0000000000196;Standard;GER01PLANT;FRA01DEAL;27/06/2025-00:00:00;GER01PLANT->FRA01DEAL-403;09/07/2025-00:00:00;
TRONXT;veh0000000000196;GER01PLANT;27/06/2025-00:00:00;
TROPTH;veh0000000000196;1;GER01PLANT->FRA01DEAL-464;
TRO;197;veh0000000000197;Standard;GER01PLANT;FRA01DEAL;27/06/2025-00:00:00;GER01PLANT->FRA01DEAL-403;09/07/2025-00:00:00;
TRONXT;veh0000000000197;GER01PLANT;27/06/2025-00:00:00;
TROPTH;veh0000000000197;1;GER01PLANT->FRA01DEAL-464;
TRO;198;veh0000000000198;Standard;GER01PLANT;FRA01DEAL;27/06/2025-00:00:00;GER01PLANT->FRA01DEAL-403;02/07/2025-00:00:00;
TRONXT;veh0000000000198;GER01PLANT;27/06/2025-00:00:00;
TROPTH;veh0000000000198;1;GER01PLANT->FRA01DEAL-464;
TRO;199;veh0000000000199;Standard;GER01PLANT;FRA01DEAL;27/06/2025-00:00:00;GER01PLANT->FRA01DEAL-403;07/07/2025-00:00:00;
TRONXT;veh0000000000199;GER01PLANT;27/06/2025-00:00:00;
TROPTH;veh0000000000199;1;GER01PLANT->FRA01DEAL-464;
TRO;200;veh0000000000200;Standard;GER01PLANT;FRA01DEAL;27/06/2025-00:00:00;GER01PLANT->FRA01DEAL-403;05/07/2025-00:00:00;
TRONXT;veh0000000000200;GER01PLANT;27/06/2025-00:00:00;
TROPTH;veh0000000000200;1;GER01PLANT->FRA01DEAL-464;
TRO;201;veh0000000000201;Standard;GER01PLANT;FRA01DEAL;30/06/2025-00:00:00;GER01PLANT->FRA01DEAL-403;08/07/2025-00:00:00;
TRONXT;veh0000000000201;GER01PLANT;30/06/2025-00:00:00;
TROPTH;veh0000000000201;1;GER01PLANT->FRA01DEAL-464;
TRO;202;veh0000000000202;Standard;GER01PLANT;FRA01DEAL;30/06/2025-00:00:00;GER01PLANT->FRA01DEAL-403;06/07/2025-00:00:00;
TRONXT;veh0000000000202;GER01PLANT;30/06/2025-00:00:00;
TROPTH;veh0000000000202;1;GER01PLANT->FRA01DEAL-464;
TRO;203;veh0000000000203;Standard;GER01PLANT;FRA01DEAL;30/06/2025-00:00:00;GER01PLANT->FRA01DEAL-403;10/07/2025-00:00:00;
TRONXT;veh0000000000203;GER01PLANT;30/06/2025-00:00:00;
TROPTH;veh0000000000203;1;GER01PLANT->FRA01DEAL-464;
TRO;204;veh0000000000204;Standard;GER01PLANT;FRA01DEAL;30/06/2025-00:00:00;GER01PLANT->FRA01DEAL-403;09/07/2025-00:00:00;
TRONXT;veh0000000000204;GER01PLANT;30/06/2025-00:00:00;
TROPTH;veh0000000000204;1;GER01PLANT->FRA01DEAL-464;
TRO;205;veh0000000000205;Standard;GER01PLANT;FRA01DEAL;30/06/2025-00:00:00;GER01PLANT->FRA01DEAL-403;07/07/2025-00:00:00;
TRONXT;veh0000000000205;GER01PLANT;30/06/2025-00:00:00;
TROPTH;veh0000000000205;1;GER01PLANT->FRA01DEAL-464;
TRO;206;veh0000000000206;Standard;GER01PLANT;FRA01DEAL;30/06/2025-00:00:00;GER01PLANT->FRA01DEAL-403;04/07/2025-00:00:00;
TRONXT;veh0000000000206;GER01PLANT;30/06/2025-00:00:00;
TROPTH;veh0000000000206;1;GER01PLANT->FRA01DEAL-464;
TRO;207;veh0000000000207;Standard;GER01PLANT;FRA01DEAL;30/06/2025-00:00:00;GER01PLANT->FRA01DEAL-403;09/07/2025-00:00:00;
TRONXT;veh0000000000207;GER01PLANT;30/06/2025-00:00:00;
TROPTH;veh0000000000207;1;GER01PLANT->FRA01DEAL-464;
TRO;208;veh0000000000208;Standard;GER01PLANT;FRA01DEAL;30/06/2025-00:00:00;GER01PLANT->FRA01DEAL-403;05/07/2025-00:00:00;
TRONXT;veh0000000000208;GER01PLANT;30/06/2025-00:00:00;
TROPTH;veh0000000000208;1;GER01PLANT->FRA01DEAL-464;
TRO;209;veh0000000000209;Standard;GER01PLANT;FRA01DEAL;30/06/2025-00:00:00;GER01PLANT->FRA01DEAL-403;09/07/2025-00:00:00;
TRONXT;veh0000000000209;GER01PLANT;30/06/2025-00:00:00;
TROPTH;veh0000000000209;1;GER01PLANT->FRA01DEAL-464;
TRO;210;veh0000000000210;Standard;GER01PLANT;FRA01DEAL;30/06/2025-00:00:00;GER01PLANT->FRA01DEAL-403;11/07/2025-00:00:00;
TRONXT;veh0000000000210;GER01PLANT;30/06/2025-00:00:00;
TROPTH;veh0000000000210;1;GER01PLANT->FRA01DEAL-464;
TRO;211;veh0000000000211;Standard;GER01PLANT;FRA01DEAL;01/07/2025-00:00:00;GER01PLANT->FRA01DEAL-403;05/07/2025-00:00:00;
TRONXT;veh0000000000211;GER01PLANT;01/07/2025-00:00:00;
TROPTH;veh0000000000211;1;GER01PLANT->FRA01DEAL-464;
TRO;212;veh0000000000212;Standard;GER01PLANT;FRA01DEAL;01/07/2025-00:00:00;GER01PLANT->FRA01DEAL-403;07/07/2025-00:00:00;
TRONXT;veh0000000000212;GER01PLANT;01/07/2025-00:00:00;
TROPTH;veh0000000000212;1;GER01PLANT->FRA01DEAL-464;
TRO;213;veh0000000000213;Standard;GER01PLANT;FRA01DEAL;01/07/2025-00:00:00;GER01PLANT->FRA01DEAL-403;05/07/2025-00:00:00;
TRONXT;veh0000000000213;GER01PLANT;01/07/2025-00:00:00;
TROPTH;veh0000000000213;1;GER01PLANT->FRA01DEAL-464;
TRO;214;veh0000000000214;Standard;GER01PLANT;FRA01DEAL;01/07/2025-00:00:00;GER01PLANT->FRA01DEAL-403;11/07/2025-00:00:00;
TRONXT;veh0000000000214;GER01PLANT;01/07/2025-00:00:00;
TROPTH;veh0000000000214;1;GER01PLANT->FRA01DEAL-464;
TRO;215;veh0000000000215;Standard;GER01PLANT;FRA01DEAL;01/07/2025-00:00:00;GER01PLANT->FRA01DEAL-403;05/07/2025-00:00:00;
TRONXT;veh0000000000215;GER01PLANT;01/07/2025-00:00:00;
TROPTH;veh0000000000215;1;GER01PLANT->FRA01DEAL-464;
TRO;216;veh0000000000216;Standard;GER01PLANT;FRA01DEAL;01/07/2025-00:00:00;GER01PLANT->FRA01DEAL-403;10/07/2025-00:00:00;
TRONXT;veh0000000000216;GER01PLANT;01/07/2025-00:00:00;
TROPTH;veh0000000000216;1;GER01PLANT->FRA01DEAL-464;
TRO;217;veh0000000000217;Standard;GER01PLANT;FRA01DEAL;01/07/2025-00:00:00;GER01PLANT->FRA01DEAL-403;08/07/2025-00:00:00;
TRONXT;veh0000000000217;GER01PLANT;01/07/2025-00:00:00;
TROPTH;veh0000000000217;1;GER01PLANT->FRA01DEAL-464;
TRO;218;veh0000000000218;Standard;GER01PLANT;FRA01DEAL;01/07/2025-00:00:00;GER01PLANT->FRA01DEAL-403;06/07/2025-00:00:00;
TRONXT;veh0000000000218;GER01PLANT;01/07/2025-00:00:00;
TROPTH;veh0000000000218;1;GER01PLANT->FRA01DEAL-464;
TRO;219;veh0000000000219;Standard;GER01PLANT;FRA01DEAL;01/07/2025-00:00:00;GER01PLANT->FRA01DEAL-403;09/07/2025-00:00:00;
TRONXT;veh0000000000219;GER01PLANT;01/07/2025-00:00:00;
TROPTH;veh0000000000219;1;GER01PLANT->FRA01DEAL-464;
TRO;220;veh0000000000220;Standard;GER01PLANT;FRA01DEAL;01/07/2025-00:00:00;GER01PLANT->FRA01DEAL-403;10/07/2025-00:00:00;
TRONXT;veh0000000000220;GER01PLANT;01/07/2025-00:00:00;
TROPTH;veh0000000000220;1;GER01PLANT->FRA01DEAL-464;
TRO;221;veh0000000000221;Standard;GER01PLANT;FRA01DEAL;02/07/2025-00:00:00;GER01PLANT->FRA01DEAL-403;10/07/2025-00:00:00;
TRONXT;veh0000000000221;GER01PLANT;02/07/2025-00:00:00;
TROPTH;veh0000000000221;1;GER01PLANT->FRA01DEAL-464;
TRO;222;veh0000000000222;Standard;GER01PLANT;FRA01DEAL;02/07/2025-00:00:00;GER01PLANT->FRA01DEAL-403;11/07/2025-00:00:00;
TRONXT;veh0000000000222;GER01PLANT;02/07/2025-00:00:00;
TROPTH;veh0000000000222;1;GER01PLANT->FRA01DEAL-464;
TRO;223;veh0000000000223;Standard;GER01PLANT;FRA01DEAL;02/07/2025-00:00:00;GER01PLANT->FRA01DEAL-403;13/07/2025-00:00:00;
TRONXT;veh0000000000223;GER01PLANT;02/07/2025-00:00:00;
TROPTH;veh0000000000223;1;GER01PLANT->FRA01DEAL-464;
TRO;224;veh0000000000224;Standard;GER01PLANT;FRA01DEAL;02/07/2025-00:00:00;GER01PLANT->FRA01DEAL-403;13/07/2025-00:00:00;
TRONXT;veh0000000000224;GER01PLANT;02/07/2025-00:00:00;
TROPTH;veh0000000000224;1;GER01PLANT->FRA01DEAL-464;
TRO;225;veh0000000000225;Standard;GER01PLANT;FRA01DEAL;02/07/2025-00:00:00;GER01PLANT->FRA01DEAL-403;11/07/2025-00:00:00;
TRONXT;veh0000000000225;GER01PLANT;02/07/2025-00:00:00;
TROPTH;veh0000000000225;1;GER01PLANT->FRA01DEAL-464;
TRO;226;veh0000000000226;Standard;GER01PLANT;FRA01DEAL;02/07/2025-00:00:00;GER01PLANT->FRA01DEAL-403;06/07/2025-00:00:00;
TRONXT;veh0000000000226;GER01PLANT;02/07/2025-00:00:00;
TROPTH;veh0000000000226;1;GER01PLANT->FRA01DEAL-464;
TRO;227;veh0000000000227;Standard;GER01PLANT;FRA01DEAL;02/07/2025-00:00:00;GER01PLANT->FRA01DEAL-403;13/07/2025-00:00:00;
TRONXT;veh0000000000227;GER01PLANT;02/07/2025-00:00:00;
TROPTH;veh0000000000227;1;GER01PLANT->FRA01DEAL-464;
TRO;228;veh0000000000228;Standard;GER01PLANT;FRA01DEAL;02/07/2025-00:00:00;GER01PLANT->FRA01DEAL-403;12/07/2025-00:00:00;
TRONXT;veh0000000000228;GER01PLANT;02/07/2025-00:00:00;
TROPTH;veh0000000000228;1;GER01PLANT->FRA01DEAL-464;
TRO;229;veh0000000000229;Standard;GER01PLANT;FRA01DEAL;02/07/2025-00:00:00;GER01PLANT->FRA01DEAL-403;13/07/2025-00:00:00;
TRONXT;veh0000000000229;GER01PLANT;02/07/2025-00:00:00;
TROPTH;veh0000000000229;1;GER01PLANT->FRA01DEAL-464;
TRO;230;veh0000000000230;Standard;GER01PLANT;FRA01DEAL;02/07/2025-00:00:00;GER01PLANT->FRA01DEAL-403;11/07/2025-00:00:00;
TRONXT;veh0000000000230;GER01PLANT;02/07/2025-00:00:00;
TROPTH;veh0000000000230;1;GER01PLANT->FRA01DEAL-464;
TRO;231;veh0000000000231;Standard;GER01PLANT;FRA01DEAL;03/07/2025-00:00:00;GER01PLANT->FRA01DEAL-403;12/07/2025-00:00:00;
TRONXT;veh0000000000231;GER01PLANT;03/07/2025-00:00:00;
TROPTH;veh0000000000231;1;GER01PLANT->FRA01DEAL-464;
TRO;232;veh0000000000232;Standard;GER01PLANT;FRA01DEAL;03/07/2025-00:00:00;GER01PLANT->FRA01DEAL-403;11/07/2025-00:00:00;
TRONXT;veh0000000000232;GER01PLANT;03/07/2025-00:00:00;
TROPTH;veh0000000000232;1;GER01PLANT->FRA01DEAL-464;
TRO;233;veh0000000000233;Standard;GER01PLANT;FRA01DEAL;03/07/2025-00:00:00;GER01PLANT->FRA01DEAL-403;13/07/2025-00:00:00;
TRONXT;veh0000000000233;GER01PLANT;03/07/2025-00:00:00;
TROPTH;veh0000000000233;1;GER01PLANT->FRA01DEAL-464;
TRO;234;veh0000000000234;Standard;GER01PLANT;FRA01DEAL;03/07/2025-00:00:00;GER01PLANT->FRA01DEAL-403;10/07/2025-00:00:00;
TRONXT;veh0000000000234;GER01PLANT;03/07/2025-00:00:00;
TROPTH;veh0000000000234;1;GER01PLANT->FRA01DEAL-464;
TRO;235;veh0000000000235;Standard;GER01PLANT;FRA01DEAL;03/07/2025-00:00:00;GER01PLANT->FRA01DEAL-403;13/07/2025-00:00:00;
TRONXT;veh0000000000235;GER01PLANT;03/07/2025-00:00:00;
TROPTH;veh0000000000235;1;GER01PLANT->FRA01DEAL-464;
TRO;236;veh0000000000236;Standard;GER01PLANT;FRA01DEAL;03/07/2025-00:00:00;GER01PLANT->FRA01DEAL-403;09/07/2025-00:00:00;
TRONXT;veh0000000000236;GER01PLANT;03/07/2025-00:00:00;
TROPTH;veh0000000000236;1;GER01PLANT->FRA01DEAL-464;
TRO;237;veh0000000000237;Standard;GER01PLANT;FRA01DEAL;03/07/2025-00:00:00;GER01PLANT->FRA01DEAL-403;13/07/2025-00:00:00;
TRONXT;veh0000000000237;GER01PLANT;03/07/2025-00:00:00;
TROPTH;veh0000000000237;1;GER01PLANT->FRA01DEAL-464;
TRO;238;veh0000000000238;Standard;GER01PLANT;FRA01DEAL;03/07/2025-00:00:00;GER01PLANT->FRA01DEAL-403;10/07/2025-00:00:00;
TRONXT;veh0000000000238;GER01PLANT;03/07/2025-00:00:00;
TROPTH;veh0000000000238;1;GER01PLANT->FRA01DEAL-464;
TRO;239;veh0000000000239;Standard;GER01PLANT;FRA01DEAL;03/07/2025-00:00:00;GER01PLANT->FRA01DEAL-403;12/07/2025-00:00:00;
TRONXT;veh0000000000239;GER01PLANT;03/07/2025-00:00:00;
TROPTH;veh0000000000239;1;GER01PLANT->FRA01DEAL-464;
TRO;240;veh0000000000240;Standard;GER01PLANT;FRA01DEAL;03/07/2025-00:00:00;GER01PLANT->FRA01DEAL-403;10/07/2025-00:00:00;
TRONXT;veh0000000000240;GER01PLANT;03/07/2025-00:00:00;
TROPTH;veh0000000000240;1;GER01PLANT->FRA01DEAL-464;
TRO;241;veh0000000000241;Standard;GER01PLANT;FRA01DEAL;04/07/2025-00:00:00;GER01PLANT->FRA01DEAL-403;12/07/2025-00:00:00;
TRONXT;veh0000000000241;GER01PLANT;04/07/2025-00:00:00;
TROPTH;veh0000000000241;1;GER01PLANT->FRA01DEAL-464;
TRO;242;veh0000000000242;Standard;GER01PLANT;FRA01DEAL;04/07/2025-00:00:00;GER01PLANT->FRA01DEAL-403;10/07/2025-00:00:00;
TRONXT;veh0000000000242;GER01PLANT;04/07/2025-00:00:00;
TROPTH;veh0000000000242;1;GER01PLANT->FRA01DEAL-464;
TRO;243;veh0000000000243;Standard;GER01PLANT;FRA01DEAL;04/07/2025-00:00:00;GER01PLANT->FRA01DEAL-403;13/07/2025-00:00:00;
TRONXT;veh0000000000243;GER01PLANT;04/07/2025-00:00:00;
TROPTH;veh0000000000243;1;GER01PLANT->FRA01DEAL-464;
TRO;244;veh0000000000244;Standard;GER01PLANT;FRA01DEAL;04/07/2025-00:00:00;GER01PLANT->FRA01DEAL-403;13/07/2025-00:00:00;
TRONXT;veh0000000000244;GER01PLANT;04/07/2025-00:00:00;
TROPTH;veh0000000000244;1;GER01PLANT->FRA01DEAL-464;
TRO;245;veh0000000000245;Standard;GER01PLANT;FRA01DEAL;04/07/2025-00:00:00;GER01PLANT->FRA01DEAL-403;14/07/2025-00:00:00;
TRONXT;veh0000000000245;GER01PLANT;04/07/2025-00:00:00;
TROPTH;veh0000000000245;1;GER01PLANT->FRA01DEAL-464;
TRO;246;veh0000000000246;Standard;GER01PLANT;FRA01DEAL;04/07/2025-00:00:00;GER01PLANT->FRA01DEAL-403;11/07/2025-00:00:00;
TRONXT;veh0000000000246;GER01PLANT;04/07/2025-00:00:00;
TROPTH;veh0000000000246;1;GER01PLANT->FRA01DEAL-464;
TRO;247;veh0000000000247;Standard;GER01PLANT;FRA01DEAL;04/07/2025-00:00:00;GER01PLANT->FRA01DEAL-403;09/07/2025-00:00:00;
TRONXT;veh0000000000247;GER01PLANT;04/07/2025-00:00:00;
TROPTH;veh0000000000247;1;GER01PLANT->FRA01DEAL-464;
TRO;248;veh0000000000248;Standard;GER01PLANT;FRA01DEAL;04/07/2025-00:00:00;GER01PLANT->FRA01DEAL-403;10/07/2025-00:00:00;
TRONXT;veh0000000000248;GER01PLANT;04/07/2025-00:00:00;
TROPTH;veh0000000000248;1;GER01PLANT->FRA01DEAL-464;
TRO;249;veh0000000000249;Standard;GER01PLANT;FRA01DEAL;04/07/2025-00:00:00;GER01PLANT->FRA01DEAL-403;13/07/2025-00:00:00;
TRONXT;veh0000000000249;GER01PLANT;04/07/2025-00:00:00;
TROPTH;veh0000000000249;1;GER01PLANT->FRA01DEAL-464;
TRO;250;veh0000000000250;Standard;GER01PLANT;FRA01DEAL;04/07/2025-00:00:00;GER01PLANT->FRA01DEAL-403;10/07/2025-00:00:00;
TRONXT;veh0000000000250;GER01PLANT;04/07/2025-00:00:00;
TROPTH;veh0000000000250;1;GER01PLANT->FRA01DEAL-464;
TRO;251;veh0000000000251;Standard;GER01PLANT;FRA01DEAL;07/07/2025-00:00:00;GER01PLANT->FRA01DEAL-403;12/07/2025-00:00:00;
TRONXT;veh0000000000251;GER01PLANT;07/07/2025-00:00:00;
TROPTH;veh0000000000251;1;GER01PLANT->FRA01DEAL-464;
TRO;252;veh0000000000252;Standard;GER01PLANT;FRA01DEAL;07/07/2025-00:00:00;GER01PLANT->FRA01DEAL-403;14/07/2025-00:00:00;
TRONXT;veh0000000000252;GER01PLANT;07/07/2025-00:00:00;
TROPTH;veh0000000000252;1;GER01PLANT->FRA01DEAL-464;
TRO;253;veh0000000000253;Standard;GER01PLANT;FRA01DEAL;07/07/2025-00:00:00;GER01PLANT->FRA01DEAL-403;19/07/2025-00:00:00;
TRONXT;veh0000000000253;GER01PLANT;07/07/2025-00:00:00;
TROPTH;veh0000000000253;1;GER01PLANT->FRA01DEAL-464;
TRO;254;veh0000000000254;Standard;GER01PLANT;FRA01DEAL;07/07/2025-00:00:00;GER01PLANT->FRA01DEAL-403;16/07/2025-00:00:00;
TRONXT;veh0000000000254;GER01PLANT;07/07/2025-00:00:00;
TROPTH;veh0000000000254;1;GER01PLANT->FRA01DEAL-464;
TRO;255;veh0000000000255;Standard;GER01PLANT;FRA01DEAL;07/07/2025-00:00:00;GER01PLANT->FRA01DEAL-403;19/07/2025-00:00:00;
TRONXT;veh0000000000255;GER01PLANT;07/07/2025-00:00:00;
TROPTH;veh0000000000255;1;GER01PLANT->FRA01DEAL-464;
TRO;256;veh0000000000256;Standard;GER01PLANT;FRA01DEAL;07/07/2025-00:00:00;GER01PLANT->FRA01DEAL-403;13/07/2025-00:00:00;
TRONXT;veh0000000000256;GER01PLANT;07/07/2025-00:00:00;
TROPTH;veh0000000000256;1;GER01PLANT->FRA01DEAL-464;
TRO;257;veh0000000000257;Standard;GER01PLANT;FRA01DEAL;07/07/2025-00:00:00;GER01PLANT->FRA01DEAL-403;15/07/2025-00:00:00;
TRONXT;veh0000000000257;GER01PLANT;07/07/2025-00:00:00;
TROPTH;veh0000000000257;1;GER01PLANT->FRA01DEAL-464;
TRO;258;veh0000000000258;Standard;GER01PLANT;FRA01DEAL;07/07/2025-00:00:00;GER01PLANT->FRA01DEAL-403;12/07/2025-00:00:00;
TRONXT;veh0000000000258;GER01PLANT;07/07/2025-00:00:00;
TROPTH;veh0000000000258;1;GER01PLANT->FRA01DEAL-464;
TRO;259;veh0000000000259;Standard;GER01PLANT;FRA01DEAL;07/07/2025-00:00:00;GER01PLANT->FRA01DEAL-403;15/07/2025-00:00:00;
TRONXT;veh0000000000259;GER01PLANT;07/07/2025-00:00:00;
TROPTH;veh0000000000259;1;GER01PLANT->FRA01DEAL-464;
TRO;260;veh0000000000260;Standard;GER01PLANT;FRA01DEAL;07/07/2025-00:00:00;GER01PLANT->FRA01DEAL-403;11/07/2025-00:00:00;
TRONXT;veh0000000000260;GER01PLANT;07/07/2025-00:00:00;
TROPTH;veh0000000000260;1;GER01PLANT->FRA01DEAL-464;
TRO;261;veh0000000000261;Standard;GER01PLANT;FRA01DEAL;08/07/2025-00:00:00;GER01PLANT->FRA01DEAL-403;12/07/2025-00:00:00;
TRONXT;veh0000000000261;GER01PLANT;08/07/2025-00:00:00;
TROPTH;veh0000000000261;1;GER01PLANT->FRA01DEAL-464;
TRO;262;veh0000000000262;Standard;GER01PLANT;FRA01DEAL;08/07/2025-00:00:00;GER01PLANT->FRA01DEAL-403;12/07/2025-00:00:00;
TRONXT;veh0000000000262;GER01PLANT;08/07/2025-00:00:00;
TROPTH;veh0000000000262;1;GER01PLANT->FRA01DEAL-464;
TRO;263;veh0000000000263;Standard;GER01PLANT;FRA01DEAL;08/07/2025-00:00:00;GER01PLANT->FRA01DEAL-403;16/07/2025-00:00:00;
TRONXT;veh0000000000263;GER01PLANT;08/07/2025-00:00:00;
TROPTH;veh0000000000263;1;GER01PLANT->FRA01DEAL-464;
TRO;264;veh0000000000264;Standard;GER01PLANT;FRA01DEAL;08/07/2025-00:00:00;GER01PLANT->FRA01DEAL-403;18/07/2025-00:00:00;
TRONXT;veh0000000000264;GER01PLANT;08/07/2025-00:00:00;
TROPTH;veh0000000000264;1;GER01PLANT->FRA01DEAL-464;
TRO;265;veh0000000000265;Standard;GER01PLANT;FRA01DEAL;08/07/2025-00:00:00;GER01PLANT->FRA01DEAL-403;12/07/2025-00:00:00;
TRONXT;veh0000000000265;GER01PLANT;08/07/2025-00:00:00;
TROPTH;veh0000000000265;1;GER01PLANT->FRA01DEAL-464;
TRO;266;veh0000000000266;Standard;GER01PLANT;FRA01DEAL;08/07/2025-00:00:00;GER01PLANT->FRA01DEAL-403;19/07/2025-00:00:00;
TRONXT;veh0000000000266;GER01PLANT;08/07/2025-00:00:00;
TROPTH;veh0000000000266;1;GER01PLANT->FRA01DEAL-464;
TRO;267;veh0000000000267;Standard;GER01PLANT;FRA01DEAL;08/07/2025-00:00:00;GER01PLANT->FRA01DEAL-403;19/07/2025-00:00:00;
TRONXT;veh0000000000267;GER01PLANT;08/07/2025-00:00:00;
TROPTH;veh0000000000267;1;GER01PLANT->FRA01DEAL-464;
TRO;268;veh0000000000268;Standard;GER01PLANT;FRA01DEAL;08/07/2025-00:00:00;GER01PLANT->FRA01DEAL-403;15/07/2025-00:00:00;
TRONXT;veh0000000000268;GER01PLANT;08/07/2025-00:00:00;
TROPTH;veh0000000000268;1;GER01PLANT->FRA01DEAL-464;
TRO;269;veh0000000000269;Standard;GER01PLANT;FRA01DEAL;08/07/2025-00:00:00;GER01PLANT->FRA01DEAL-403;15/07/2025-00:00:00;
TRONXT;veh0000000000269;GER01PLANT;08/07/2025-00:00:00;
TROPTH;veh0000000000269;1;GER01PLANT->FRA01DEAL-464;
TRO;270;veh0000000000270;Standard;GER01PLANT;FRA01DEAL;08/07/2025-00:00:00;GER01PLANT->FRA01DEAL-403;12/07/2025-00:00:00;
TRONXT;veh0000000000270;GER01PLANT;08/07/2025-00:00:00;
TROPTH;veh0000000000270;1;GER01PLANT->FRA01DEAL-464;
TRO;271;veh0000000000271;Standard;GER01PLANT;FRA01DEAL;09/07/2025-00:00:00;GER01PLANT->FRA01DEAL-403;17/07/2025-00:00:00;
TRONXT;veh0000000000271;GER01PLANT;09/07/2025-00:00:00;
TROPTH;veh0000000000271;1;GER01PLANT->FRA01DEAL-464;
TRO;272;veh0000000000272;Standard;GER01PLANT;FRA01DEAL;09/07/2025-00:00:00;GER01PLANT->FRA01DEAL-403;18/07/2025-00:00:00;
TRONXT;veh0000000000272;GER01PLANT;09/07/2025-00:00:00;
TROPTH;veh0000000000272;1;GER01PLANT->FRA01DEAL-464;
TRO;273;veh0000000000273;Standard;GER01PLANT;FRA01DEAL;09/07/2025-00:00:00;GER01PLANT->FRA01DEAL-403;15/07/2025-00:00:00;
TRONXT;veh0000000000273;GER01PLANT;09/07/2025-00:00:00;
TROPTH;veh0000000000273;1;GER01PLANT->FRA01DEAL-464;
TRO;274;veh0000000000274;Standard;GER01PLANT;FRA01DEAL;09/07/2025-00:00:00;GER01PLANT->FRA01DEAL-403;15/07/2025-00:00:00;
TRONXT;veh0000000000274;GER01PLANT;09/07/2025-00:00:00;
TROPTH;veh0000000000274;1;GER01PLANT->FRA01DEAL-464;
TRO;275;veh0000000000275;Standard;GER01PLANT;FRA01DEAL;09/07/2025-00:00:00;GER01PLANT->FRA01DEAL-403;20/07/2025-00:00:00;
TRONXT;veh0000000000275;GER01PLANT;09/07/2025-00:00:00;
TROPTH;veh0000000000275;1;GER01PLANT->FRA01DEAL-464;
TRO;276;veh0000000000276;Standard;GER01PLANT;FRA01DEAL;09/07/2025-00:00:00;GER01PLANT->FRA01DEAL-403;18/07/2025-00:00:00;
TRONXT;veh0000000000276;GER01PLANT;09/07/2025-00:00:00;
TROPTH;veh0000000000276;1;GER01PLANT->FRA01DEAL-464;
TRO;277;veh0000000000277;Standard;GER01PLANT;FRA01DEAL;09/07/2025-00:00:00;GER01PLANT->FRA01DEAL-403;20/07/2025-00:00:00;
TRONXT;veh0000000000277;GER01PLANT;09/07/2025-00:00:00;
TROPTH;veh0000000000277;1;GER01PLANT->FRA01DEAL-464;
TRO;278;veh0000000000278;Standard;GER01PLANT;FRA01DEAL;09/07/2025-00:00:00;GER01PLANT->FRA01DEAL-403;18/07/2025-00:00:00;
TRONXT;veh0000000000278;GER01PLANT;09/07/2025-00:00:00;
TROPTH;veh0000000000278;1;GER01PLANT->FRA01DEAL-464;
TRO;279;veh0000000000279;Standard;GER01PLANT;FRA01DEAL;09/07/2025-00:00:00;GER01PLANT->FRA01DEAL-403;16/07/2025-00:00:00;
TRONXT;veh0000000000279;GER01PLANT;09/07/2025-00:00:00;
TROPTH;veh0000000000279;1;GER01PLANT->FRA01DEAL-464;
TRO;280;veh0000000000280;Standard;GER01PLANT;FRA01DEAL;09/07/2025-00:00:00;GER01PLANT->FRA01DEAL-403;20/07/2025-00:00:00;
TRONXT;veh0000000000280;GER01PLANT;09/07/2025-00:00:00;
TROPTH;veh0000000000280;1;GER01PLANT->FRA01DEAL-464;
TRO;281;veh0000000000281;Standard;GER01PLANT;FRA01DEAL;10/07/2025-00:00:00;GER01PLANT->FRA01DEAL-403;17/07/2025-00:00:00;
TRONXT;veh0000000000281;GER01PLANT;10/07/2025-00:00:00;
TROPTH;veh0000000000281;1;GER01PLANT->FRA01DEAL-464;
TRO;282;veh0000000000282;Standard;GER01PLANT;FRA01DEAL;10/07/2025-00:00:00;GER01PLANT->FRA01DEAL-403;14/07/2025-00:00:00;
TRONXT;veh0000000000282;GER01PLANT;10/07/2025-00:00:00;
TROPTH;veh0000000000282;1;GER01PLANT->FRA01DEAL-464;
TRO;283;veh0000000000283;Standard;GER01PLANT;FRA01DEAL;10/07/2025-00:00:00;GER01PLANT->FRA01DEAL-403;18/07/2025-00:00:00;
TRONXT;veh0000000000283;GER01PLANT;10/07/2025-00:00:00;
TROPTH;veh0000000000283;1;GER01PLANT->FRA01DEAL-464;
TRO;284;veh0000000000284;Standard;GER01PLANT;FRA01DEAL;10/07/2025-00:00:00;GER01PLANT->FRA01DEAL-403;18/07/2025-00:00:00;
TRONXT;veh0000000000284;GER01PLANT;10/07/2025-00:00:00;
TROPTH;veh0000000000284;1;GER01PLANT->FRA01DEAL-464;
TRO;285;veh0000000000285;Standard;GER01PLANT;FRA01DEAL;10/07/2025-00:00:00;GER01PLANT->FRA01DEAL-403;14/07/2025-00:00:00;
TRONXT;veh0000000000285;GER01PLANT;10/07/2025-00:00:00;
TROPTH;veh0000000000285;1;GER01PLANT->FRA01DEAL-464;
TRO;286;veh0000000000286;Standard;GER01PLANT;FRA01DEAL;10/07/2025-00:00:00;GER01PLANT->FRA01DEAL-403;18/07/2025-00:00:00;
TRONXT;veh0000000000286;GER01PLANT;10/07/2025-00:00:00;
TROPTH;veh0000000000286;1;GER01PLANT->FRA01DEAL-464;
TRO;287;veh0000000000287;Standard;GER01PLANT;FRA01DEAL;10/07/2025-00:00:00;GER01PLANT->FRA01DEAL-403;16/07/2025-00:00:00;
TRONXT;veh0000000000287;GER01PLANT;10/07/2025-00:00:00;
TROPTH;veh0000000000287;1;GER01PLANT->FRA01DEAL-464;
TRO;288;veh0000000000288;Standard;GER01PLANT;FRA01DEAL;10/07/2025-00:00:00;GER01PLANT->FRA01DEAL-403;15/07/2025-00:00:00;
TRONXT;veh0000000000288;GER01PLANT;10/07/2025-00:00:00;
TROPTH;veh0000000000288;1;GER01PLANT->FRA01DEAL-464;
TRO;289;veh0000000000289;Standard;GER01PLANT;FRA01DEAL;10/07/2025-00:00:00;GER01PLANT->FRA01DEAL-403;19/07/2025-00:00:00;
TRONXT;veh0000000000289;GER01PLANT;10/07/2025-00:00:00;
TROPTH;veh0000000000289;1;GER01PLANT->FRA01DEAL-464;
TRO;290;veh0000000000290;Standard;GER01PLANT;FRA01DEAL;10/07/2025-00:00:00;GER01PLANT->FRA01DEAL-403;20/07/2025-00:00:00;
TRONXT;veh0000000000290;GER01PLANT;10/07/2025-00:00:00;
TROPTH;veh0000000000290;1;GER01PLANT->FRA01DEAL-464;
TRO;291;veh0000000000291;Standard;GER01PLANT;FRA01DEAL;11/07/2025-00:00:00;GER01PLANT->FRA01DEAL-403;21/07/2025-00:00:00;
TRONXT;veh0000000000291;GER01PLANT;11/07/2025-00:00:00;
TROPTH;veh0000000000291;1;GER01PLANT->FRA01DEAL-464;
TRO;292;veh0000000000292;Standard;GER01PLANT;FRA01DEAL;11/07/2025-00:00:00;GER01PLANT->FRA01DEAL-403;23/07/2025-00:00:00;
TRONXT;veh0000000000292;GER01PLANT;11/07/2025-00:00:00;
TROPTH;veh0000000000292;1;GER01PLANT->FRA01DEAL-464;
TRO;293;veh0000000000293;Standard;GER01PLANT;FRA01DEAL;11/07/2025-00:00:00;GER01PLANT->FRA01DEAL-403;21/07/2025-00:00:00;
TRONXT;veh0000000000293;GER01PLANT;11/07/2025-00:00:00;
TROPTH;veh0000000000293;1;GER01PLANT->FRA01DEAL-464;
TRO;294;veh0000000000294;Standard;GER01PLANT;FRA01DEAL;11/07/2025-00:00:00;GER01PLANT->FRA01DEAL-403;15/07/2025-00:00:00;
TRONXT;veh0000000000294;GER01PLANT;11/07/2025-00:00:00;
TROPTH;veh0000000000294;1;GER01PLANT->FRA01DEAL-464;
TRO;295;veh0000000000295;Standard;GER01PLANT;FRA01DEAL;11/07/2025-00:00:00;GER01PLANT->FRA01DEAL-403;16/07/2025-00:00:00;
TRONXT;veh0000000000295;GER01PLANT;11/07/2025-00:00:00;
TROPTH;veh0000000000295;1;GER01PLANT->FRA01DEAL-464;
TRO;296;veh0000000000296;Standard;GER01PLANT;FRA01DEAL;11/07/2025-00:00:00;GER01PLANT->FRA01DEAL-403;23/07/2025-00:00:00;
TRONXT;veh0000000000296;GER01PLANT;11/07/2025-00:00:00;
TROPTH;veh0000000000296;1;GER01PLANT->FRA01DEAL-464;
TRO;297;veh0000000000297;Standard;GER01PLANT;FRA01DEAL;11/07/2025-00:00:00;GER01PLANT->FRA01DEAL-403;15/07/2025-00:00:00;
TRONXT;veh0000000000297;GER01PLANT;11/07/2025-00:00:00;
TROPTH;veh0000000000297;1;GER01PLANT->FRA01DEAL-464;
TRO;298;veh0000000000298;Standard;GER01PLANT;FRA01DEAL;11/07/2025-00:00:00;GER01PLANT->FRA01DEAL-403;22/07/2025-00:00:00;
TRONXT;veh0000000000298;GER01PLANT;11/07/2025-00:00:00;
TROPTH;veh0000000000298;1;GER01PLANT->FRA01DEAL-464;
TRO;299;veh0000000000299;Standard;GER01PLANT;FRA01DEAL;11/07/2025-00:00:00;GER01PLANT->FRA01DEAL-403;19/07/2025-00:00:00;
TRONXT;veh0000000000299;GER01PLANT;11/07/2025-00:00:00;
TROPTH;veh0000000000299;1;GER01PLANT->FRA01DEAL-464;
TRO;300;veh0000000000300;Standard;GER01PLANT;FRA01DEAL;11/07/2025-00:00:00;GER01PLANT->FRA01DEAL-403;19/07/2025-00:00:00;
TRONXT;veh0000000000300;GER01PLANT;11/07/2025-00:00:00;
TROPTH;veh0000000000300;1;GER01PLANT->FRA01DEAL-464;
